[1739354029.290][INFO]: Starting ChromeDriver 133.0.6943.53 (9a80935019b0925b01cc21d254da203bc3986f04-refs/branch-heads/6943@{#1389}) on port 42528
[1739354029.290][INFO]: Please see https://chromedriver.chromium.org/security-considerations for suggestions on keeping ChromeDriver safe.
[1739354029.291][INFO]: ChromeDriver was started successfully on port 42528
[1739354029.340][INFO]: [ca2552411c866a9f6734b21dc2bd0ca9] COMMAND InitSession {
   "capabilities": {
      "firstMatch": [ {
         "browserName": "chrome",
         "goog:chromeOptions": {
            "args": [ "--remote-allow-origins=*" ],
            "binary": "/Applications/Google Chrome.app/Contents/MacOS/Google Chrome",
            "extensions": [  ]
         },
         "goog:loggingPrefs": {
            "browser": "ALL",
            "driver": "ALL"
         }
      } ]
   }
}
[1739354029.341][INFO]: Populating Preferences file: {
   "alternate_error_pages": {
      "enabled": false
   },
   "autofill": {
      "enabled": false
   },
   "browser": {
      "check_default_browser": false
   },
   "distribution": {
      "import_bookmarks": false,
      "import_history": false,
      "import_search_engine": false,
      "make_chrome_default_for_user": false,
      "skip_first_run_ui": true
   },
   "dns_prefetching": {
      "enabled": false
   },
   "profile": {
      "content_settings": {
         "pattern_pairs": {
            "https://*,*": {
               "media-stream": {
                  "audio": "Default",
                  "video": "Default"
               }
            }
         }
      },
      "default_content_setting_values": {
         "geolocation": 1
      },
      "default_content_settings": {
         "geolocation": 1,
         "mouselock": 1,
         "notifications": 1,
         "popups": 1,
         "ppapi-broker": 1
      },
      "password_manager_enabled": false
   },
   "safebrowsing": {
      "enabled": false
   },
   "search": {
      "suggest_enabled": false
   },
   "translate": {
      "enabled": false
   }
}
[1739354029.343][INFO]: Populating Local State file: {
   "background_mode": {
      "enabled": false
   },
   "ssl": {
      "rev_checking": {
         "enabled": false
      }
   }
}
[1739354029.343][INFO]: ChromeDriver supports communication with Chrome via pipes. This is more reliable and more secure.
[1739354029.343][INFO]: Use the --remote-debugging-pipe Chrome switch instead of the default --remote-debugging-port to enable this communication mode.
[1739354029.343][INFO]: Launching chrome: /Applications/Google Chrome.app/Contents/MacOS/Google Chrome --allow-pre-commit-input --disable-background-networking --disable-client-side-phishing-detection --disable-default-apps --disable-hang-monitor --disable-popup-blocking --disable-prompt-on-repost --disable-sync --enable-automation --enable-logging --log-level=0 --no-first-run --no-service-autorun --password-store=basic --remote-allow-origins=* --remote-debugging-port=0 --test-type=webdriver --use-mock-keychain --user-data-dir=/var/folders/nf/j03nktr97wg033fsfhkct4n80000gn/T/.org.chromium.Chromium.Bs3y5S data:,
[1739354030.028][INFO]: resolved localhost to ["::1","127.0.0.1"]
[1739354030.098][INFO]: [ca2552411c866a9f6734b21dc2bd0ca9] RESPONSE InitSession {
   "capabilities": {
      "acceptInsecureCerts": false,
      "browserName": "chrome",
      "browserVersion": "133.0.6943.54",
      "chrome": {
         "chromedriverVersion": "133.0.6943.53 (9a80935019b0925b01cc21d254da203bc3986f04-refs/branch-heads/6943@{#1389})",
         "userDataDir": "/var/folders/nf/j03nktr97wg033fsfhkct4n80000gn/T/.org.chromium.Chromium.Bs3y5S"
      },
      "fedcm:accounts": true,
      "goog:chromeOptions": {
         "debuggerAddress": "localhost:63383"
      },
      "networkConnectionEnabled": false,
      "pageLoadStrategy": "normal",
      "platformName": "mac",
      "proxy": {
      },
      "setWindowRect": true,
      "strictFileInteractability": false,
      "timeouts": {
         "implicit": 0,
         "pageLoad": 300000,
         "script": 30000
      },
      "unhandledPromptBehavior": "dismiss and notify",
      "webauthn:extension:credBlob": true,
      "webauthn:extension:largeBlob": true,
      "webauthn:extension:minPinLength": true,
      "webauthn:extension:prf": true,
      "webauthn:virtualAuthenticators": true
   },
   "sessionId": "ca2552411c866a9f6734b21dc2bd0ca9"
}
[1739354030.150][INFO]: [ca2552411c866a9f6734b21dc2bd0ca9] COMMAND MaximizeWindow {
}
[1739354030.150][INFO]: Waiting for pending navigations...
[1739354030.151][INFO]: Done waiting for pending navigations. Status: ok
[1739354030.165][INFO]: Waiting for pending navigations...
[1739354030.165][INFO]: Done waiting for pending navigations. Status: ok
[1739354030.165][INFO]: [ca2552411c866a9f6734b21dc2bd0ca9] RESPONSE MaximizeWindow {
   "height": 850,
   "width": 1470,
   "x": 0,
   "y": 37
}
[1739354030.181][INFO]: [ca2552411c866a9f6734b21dc2bd0ca9] COMMAND Navigate {
   "url": "https://www.flipkart.com"
}
[1739354030.181][INFO]: Waiting for pending navigations...
[1739354030.181][INFO]: Done waiting for pending navigations. Status: ok
[1739354030.556][INFO]: Waiting for pending navigations...
[1739354031.727][INFO]: Done waiting for pending navigations. Status: ok
[1739354031.727][INFO]: [ca2552411c866a9f6734b21dc2bd0ca9] RESPONSE Navigate
[1739354031.737][INFO]: [ca2552411c866a9f6734b21dc2bd0ca9] COMMAND GetUrl {
}
[1739354031.737][INFO]: Waiting for pending navigations...
[1739354031.737][INFO]: Done waiting for pending navigations. Status: ok
[1739354031.740][INFO]: Waiting for pending navigations...
[1739354031.740][INFO]: Done waiting for pending navigations. Status: ok
[1739354031.740][INFO]: [ca2552411c866a9f6734b21dc2bd0ca9] RESPONSE GetUrl "https://www.flipkart.com/"
[1739354031.751][INFO]: [ca2552411c866a9f6734b21dc2bd0ca9] COMMAND FindElement {
   "using": "css selector",
   "value": "input[name='q']"
}
[1739354031.751][INFO]: Waiting for pending navigations...
[1739354031.751][INFO]: Done waiting for pending navigations. Status: ok
[1739354031.758][INFO]: Waiting for pending navigations...
[1739354031.759][INFO]: Done waiting for pending navigations. Status: ok
[1739354031.759][INFO]: [ca2552411c866a9f6734b21dc2bd0ca9] RESPONSE FindElement {
   "element-6066-11e4-a52e-4f735466cecf": "f.E6F7DCFF375715F3B309CAEA11BA9AD3.d.A9F34E266EC50F08E5DB8034FCCB3B5E.e.109"
}
[1739354031.766][INFO]: [ca2552411c866a9f6734b21dc2bd0ca9] COMMAND TypeElement {
   "id": "f.E6F7DCFF375715F3B309CAEA11BA9AD3.d.A9F34E266EC50F08E5DB8034FCCB3B5E.e.109",
   "text": "Washing Machine",
   "value": [ "W", "a", "s", "h", "i", "n", "g", " ", "M", "a", "c", "h", "i", "n", "e", "" ]
}
[1739354031.766][INFO]: Waiting for pending navigations...
[1739354031.766][INFO]: Done waiting for pending navigations. Status: ok
[1739354031.862][INFO]: Waiting for pending navigations...
[1739354033.347][INFO]: Done waiting for pending navigations. Status: ok
[1739354033.348][INFO]: [ca2552411c866a9f6734b21dc2bd0ca9] RESPONSE TypeElement
[1739354033.359][INFO]: [ca2552411c866a9f6734b21dc2bd0ca9] COMMAND GetUrl {
}
[1739354033.359][INFO]: Waiting for pending navigations...
[1739354033.361][INFO]: Done waiting for pending navigations. Status: ok
[1739354033.363][INFO]: Waiting for pending navigations...
[1739354033.363][INFO]: Done waiting for pending navigations. Status: ok
[1739354033.363][INFO]: [ca2552411c866a9f6734b21dc2bd0ca9] RESPONSE GetUrl "https://www.flipkart.com/search?q=Washing%20Machine&otracker=search&otracker1=search&marketplace=FLIPKART&as-show=off&as=off"
[1739354033.365][INFO]: [ca2552411c866a9f6734b21dc2bd0ca9] COMMAND FindElements {
   "using": "css selector",
   "value": "div[class*='zg-M3Z']"
}
[1739354033.365][INFO]: Waiting for pending navigations...
[1739354033.365][INFO]: Done waiting for pending navigations. Status: ok
[1739354033.371][INFO]: Waiting for pending navigations...
[1739354033.371][INFO]: Done waiting for pending navigations. Status: ok
[1739354033.371][INFO]: [ca2552411c866a9f6734b21dc2bd0ca9] RESPONSE FindElements [ {
   "element-6066-11e4-a52e-4f735466cecf": "f.E6F7DCFF375715F3B309CAEA11BA9AD3.d.A41C668D35BA06786129661311F6E539.e.309"
}, {
   "element-6066-11e4-a52e-4f735466cecf": "f.E6F7DCFF375715F3B309CAEA11BA9AD3.d.A41C668D35BA06786129661311F6E539.e.310"
}, {
   "element-6066-11e4-a52e-4f735466cecf": "f.E6F7DCFF375715F3B309CAEA11BA9AD3.d.A41C668D35BA06786129661311F6E539.e.311"
}, {
   "element-6066-11e4-a52e-4f735466cecf": "f.E6F7DCFF375715F3B309CAEA11BA9AD3.d.A41C668D35BA06786129661311F6E539.e.312"
}, {
   "element-6066-11e4-a52e-4f735466cecf": "f.E6F7DCFF375715F3B309CAEA11BA9AD3.d.A41C668D35BA06786129661311F6E539.e.313"
}, {
   "element-6066-11e4-a52e-4f735466cecf": "f.E6F7DCFF375715F3B309CAEA11BA9AD3.d.A41C668D35BA06786129661311F6E539.e.314"
} ]
[1739354033.373][INFO]: [ca2552411c866a9f6734b21dc2bd0ca9] COMMAND GetElementText {
   "id": "f.E6F7DCFF375715F3B309CAEA11BA9AD3.d.A41C668D35BA06786129661311F6E539.e.309"
}
[1739354033.373][INFO]: Waiting for pending navigations...
[1739354033.373][INFO]: Done waiting for pending navigations. Status: ok
[1739354033.380][INFO]: Waiting for pending navigations...
[1739354033.380][INFO]: Done waiting for pending navigations. Status: ok
[1739354033.380][INFO]: [ca2552411c866a9f6734b21dc2bd0ca9] RESPONSE GetElementText "Relevance"
[1739354033.381][INFO]: [ca2552411c866a9f6734b21dc2bd0ca9] COMMAND GetElementText {
   "id": "f.E6F7DCFF375715F3B309CAEA11BA9AD3.d.A41C668D35BA06786129661311F6E539.e.310"
}
[1739354033.381][INFO]: Waiting for pending navigations...
[1739354033.381][INFO]: Done waiting for pending navigations. Status: ok
[1739354033.384][INFO]: Waiting for pending navigations...
[1739354033.385][INFO]: Done waiting for pending navigations. Status: ok
[1739354033.385][INFO]: [ca2552411c866a9f6734b21dc2bd0ca9] RESPONSE GetElementText "Popularity"
[1739354033.386][INFO]: [ca2552411c866a9f6734b21dc2bd0ca9] COMMAND ClickElement {
   "id": "f.E6F7DCFF375715F3B309CAEA11BA9AD3.d.A41C668D35BA06786129661311F6E539.e.310"
}
[1739354033.386][INFO]: Waiting for pending navigations...
[1739354033.386][INFO]: Done waiting for pending navigations. Status: ok
[1739354033.422][INFO]: Waiting for pending navigations...
[1739354033.424][INFO]: Done waiting for pending navigations. Status: ok
[1739354033.424][INFO]: [ca2552411c866a9f6734b21dc2bd0ca9] RESPONSE ClickElement
[1739354035.435][INFO]: [ca2552411c866a9f6734b21dc2bd0ca9] COMMAND FindElements {
   "using": "css selector",
   "value": "div[class*='XQDdHH']"
}
[1739354035.436][INFO]: Waiting for pending navigations...
[1739354035.437][INFO]: Done waiting for pending navigations. Status: ok
[1739354035.446][INFO]: Waiting for pending navigations...
[1739354035.446][INFO]: Done waiting for pending navigations. Status: ok
[1739354035.446][INFO]: [ca2552411c866a9f6734b21dc2bd0ca9] RESPONSE FindElements [ {
   "element-6066-11e4-a52e-4f735466cecf": "f.E6F7DCFF375715F3B309CAEA11BA9AD3.d.A41C668D35BA06786129661311F6E539.e.371"
}, {
   "element-6066-11e4-a52e-4f735466cecf": "f.E6F7DCFF375715F3B309CAEA11BA9AD3.d.A41C668D35BA06786129661311F6E539.e.372"
}, {
   "element-6066-11e4-a52e-4f735466cecf": "f.E6F7DCFF375715F3B309CAEA11BA9AD3.d.A41C668D35BA06786129661311F6E539.e.373"
}, {
   "element-6066-11e4-a52e-4f735466cecf": "f.E6F7DCFF375715F3B309CAEA11BA9AD3.d.A41C668D35BA06786129661311F6E539.e.374"
}, {
   "element-6066-11e4-a52e-4f735466cecf": "f.E6F7DCFF375715F3B309CAEA11BA9AD3.d.A41C668D35BA06786129661311F6E539.e.375"
}, {
   "element-6066-11e4-a52e-4f735466cecf": "f.E6F7DCFF375715F3B309CAEA11BA9AD3.d.A41C668D35BA06786129661311F6E539.e.376"
}, {
   "element-6066-11e4-a52e-4f735466cecf": "f.E6F7DCFF375715F3B309CAEA11BA9AD3.d.A41C668D35BA06786129661311F6E539.e.377"
}, {
   "element-6066-11e4-a52e-4f735466cecf": "f.E6F7DCFF375715F3B309CAEA11BA9AD3.d.A41C668D35BA06786129661311F6E539.e.378"
}, {
   "element-6066-11e4-a52e-4f735466cecf": "f.E6F7DCFF375715F3B309CAEA11BA9AD3.d.A41C668D35BA06786129661311F6E539.e.379"
}, {
   "element-6066-11e4-a52e-4f735466cecf": "f.E6F7DCFF375715F3B309CAEA11BA9AD3.d.A41C668D35BA06786129661311F6E539.e.380"
}, {
   "element-6066-11e4-a52e-4f735466cecf": "f.E6F7DCFF375715F3B309CAEA11BA9AD3.d.A41C668D35BA06786129661311F6E539.e.381"
}, {
   "element-6066-11e4-a52e-4f735466cecf": "f.E6F7DCFF375715F3B309CAEA11BA9AD3.d.A41C668D35BA06786129661311F6E539.e.382"
}, {
   "element-6066-11e4-a52e-4f735466cecf": "f.E6F7DCFF375715F3B309CAEA11BA9AD3.d.A41C668D35BA06786129661311F6E539.e.383"
}, {
   "element-6066-11e4-a52e-4f735466cecf": "f.E6F7DCFF375715F3B309CAEA11BA9AD3.d.A41C668D35BA06786129661311F6E539.e.384"
}, {
   "element-6066-11e4-a52e-4f735466cecf": "f.E6F7DCFF375715F3B309CAEA11BA9AD3.d.A41C668D35BA06786129661311F6E539.e.385"
}, {
   "element-6066-11e4-a52e-4f735466cecf": "f.E6F7DCFF375715F3B309CAEA11BA9AD3.d.A41C668D35BA06786129661311F6E539.e.386"
}, {
   "element-6066-11e4-a52e-4f735466cecf": "f.E6F7DCFF375715F3B309CAEA11BA9AD3.d.A41C668D35BA06786129661311F6E539.e.387"
}, {
   "element-6066-11e4-a52e-4f735466cecf": "f.E6F7DCFF375715F3B309CAEA11BA9AD3.d.A41C668D35BA06786129661311F6E539.e.388"
}, {
   "element-6066-11e4-a52e-4f735466cecf": "f.E6F7DCFF375715F3B309CAEA11BA9AD3.d.A41C668D35BA06786129661311F6E539.e.389"
}, "..." ]
[1739354035.449][INFO]: [ca2552411c866a9f6734b21dc2bd0ca9] COMMAND GetElementText {
   "id": "f.E6F7DCFF375715F3B309CAEA11BA9AD3.d.A41C668D35BA06786129661311F6E539.e.371"
}
[1739354035.449][INFO]: Waiting for pending navigations...
[1739354035.449][INFO]: Done waiting for pending navigations. Status: ok
[1739354035.452][INFO]: Waiting for pending navigations...
[1739354035.452][INFO]: Done waiting for pending navigations. Status: ok
[1739354035.452][INFO]: [ca2552411c866a9f6734b21dc2bd0ca9] RESPONSE GetElementText "4.2"
[1739354035.454][INFO]: [ca2552411c866a9f6734b21dc2bd0ca9] COMMAND GetElementText {
   "id": "f.E6F7DCFF375715F3B309CAEA11BA9AD3.d.A41C668D35BA06786129661311F6E539.e.372"
}
[1739354035.454][INFO]: Waiting for pending navigations...
[1739354035.454][INFO]: Done waiting for pending navigations. Status: ok
[1739354035.456][INFO]: Waiting for pending navigations...
[1739354035.457][INFO]: Done waiting for pending navigations. Status: ok
[1739354035.457][INFO]: [ca2552411c866a9f6734b21dc2bd0ca9] RESPONSE GetElementText "4.3"
[1739354035.458][INFO]: [ca2552411c866a9f6734b21dc2bd0ca9] COMMAND GetElementText {
   "id": "f.E6F7DCFF375715F3B309CAEA11BA9AD3.d.A41C668D35BA06786129661311F6E539.e.373"
}
[1739354035.458][INFO]: Waiting for pending navigations...
[1739354035.458][INFO]: Done waiting for pending navigations. Status: ok
[1739354035.460][INFO]: Waiting for pending navigations...
[1739354035.461][INFO]: Done waiting for pending navigations. Status: ok
[1739354035.461][INFO]: [ca2552411c866a9f6734b21dc2bd0ca9] RESPONSE GetElementText "4.2"
[1739354035.461][INFO]: [ca2552411c866a9f6734b21dc2bd0ca9] COMMAND GetElementText {
   "id": "f.E6F7DCFF375715F3B309CAEA11BA9AD3.d.A41C668D35BA06786129661311F6E539.e.374"
}
[1739354035.461][INFO]: Waiting for pending navigations...
[1739354035.462][INFO]: Done waiting for pending navigations. Status: ok
[1739354035.464][INFO]: Waiting for pending navigations...
[1739354035.464][INFO]: Done waiting for pending navigations. Status: ok
[1739354035.464][INFO]: [ca2552411c866a9f6734b21dc2bd0ca9] RESPONSE GetElementText "4.2"
[1739354035.465][INFO]: [ca2552411c866a9f6734b21dc2bd0ca9] COMMAND GetElementText {
   "id": "f.E6F7DCFF375715F3B309CAEA11BA9AD3.d.A41C668D35BA06786129661311F6E539.e.375"
}
[1739354035.465][INFO]: Waiting for pending navigations...
[1739354035.465][INFO]: Done waiting for pending navigations. Status: ok
[1739354035.468][INFO]: Waiting for pending navigations...
[1739354035.468][INFO]: Done waiting for pending navigations. Status: ok
[1739354035.468][INFO]: [ca2552411c866a9f6734b21dc2bd0ca9] RESPONSE GetElementText "4.3"
[1739354035.469][INFO]: [ca2552411c866a9f6734b21dc2bd0ca9] COMMAND GetElementText {
   "id": "f.E6F7DCFF375715F3B309CAEA11BA9AD3.d.A41C668D35BA06786129661311F6E539.e.376"
}
[1739354035.469][INFO]: Waiting for pending navigations...
[1739354035.469][INFO]: Done waiting for pending navigations. Status: ok
[1739354035.471][INFO]: Waiting for pending navigations...
[1739354035.472][INFO]: Done waiting for pending navigations. Status: ok
[1739354035.472][INFO]: [ca2552411c866a9f6734b21dc2bd0ca9] RESPONSE GetElementText "4.4"
[1739354035.473][INFO]: [ca2552411c866a9f6734b21dc2bd0ca9] COMMAND GetElementText {
   "id": "f.E6F7DCFF375715F3B309CAEA11BA9AD3.d.A41C668D35BA06786129661311F6E539.e.377"
}
[1739354035.473][INFO]: Waiting for pending navigations...
[1739354035.473][INFO]: Done waiting for pending navigations. Status: ok
[1739354035.475][INFO]: Waiting for pending navigations...
[1739354035.475][INFO]: Done waiting for pending navigations. Status: ok
[1739354035.475][INFO]: [ca2552411c866a9f6734b21dc2bd0ca9] RESPONSE GetElementText "4.3"
[1739354035.476][INFO]: [ca2552411c866a9f6734b21dc2bd0ca9] COMMAND GetElementText {
   "id": "f.E6F7DCFF375715F3B309CAEA11BA9AD3.d.A41C668D35BA06786129661311F6E539.e.378"
}
[1739354035.476][INFO]: Waiting for pending navigations...
[1739354035.476][INFO]: Done waiting for pending navigations. Status: ok
[1739354035.479][INFO]: Waiting for pending navigations...
[1739354035.479][INFO]: Done waiting for pending navigations. Status: ok
[1739354035.479][INFO]: [ca2552411c866a9f6734b21dc2bd0ca9] RESPONSE GetElementText "4.4"
[1739354035.480][INFO]: [ca2552411c866a9f6734b21dc2bd0ca9] COMMAND GetElementText {
   "id": "f.E6F7DCFF375715F3B309CAEA11BA9AD3.d.A41C668D35BA06786129661311F6E539.e.379"
}
[1739354035.480][INFO]: Waiting for pending navigations...
[1739354035.480][INFO]: Done waiting for pending navigations. Status: ok
[1739354035.483][INFO]: Waiting for pending navigations...
[1739354035.483][INFO]: Done waiting for pending navigations. Status: ok
[1739354035.483][INFO]: [ca2552411c866a9f6734b21dc2bd0ca9] RESPONSE GetElementText "4.3"
[1739354035.484][INFO]: [ca2552411c866a9f6734b21dc2bd0ca9] COMMAND GetElementText {
   "id": "f.E6F7DCFF375715F3B309CAEA11BA9AD3.d.A41C668D35BA06786129661311F6E539.e.380"
}
[1739354035.484][INFO]: Waiting for pending navigations...
[1739354035.484][INFO]: Done waiting for pending navigations. Status: ok
[1739354035.486][INFO]: Waiting for pending navigations...
[1739354035.486][INFO]: Done waiting for pending navigations. Status: ok
[1739354035.486][INFO]: [ca2552411c866a9f6734b21dc2bd0ca9] RESPONSE GetElementText "4.4"
[1739354035.487][INFO]: [ca2552411c866a9f6734b21dc2bd0ca9] COMMAND GetElementText {
   "id": "f.E6F7DCFF375715F3B309CAEA11BA9AD3.d.A41C668D35BA06786129661311F6E539.e.381"
}
[1739354035.487][INFO]: Waiting for pending navigations...
[1739354035.487][INFO]: Done waiting for pending navigations. Status: ok
[1739354035.490][INFO]: Waiting for pending navigations...
[1739354035.491][INFO]: Done waiting for pending navigations. Status: ok
[1739354035.491][INFO]: [ca2552411c866a9f6734b21dc2bd0ca9] RESPONSE GetElementText "4.3"
[1739354035.491][INFO]: [ca2552411c866a9f6734b21dc2bd0ca9] COMMAND GetElementText {
   "id": "f.E6F7DCFF375715F3B309CAEA11BA9AD3.d.A41C668D35BA06786129661311F6E539.e.382"
}
[1739354035.491][INFO]: Waiting for pending navigations...
[1739354035.492][INFO]: Done waiting for pending navigations. Status: ok
[1739354035.494][INFO]: Waiting for pending navigations...
[1739354035.494][INFO]: Done waiting for pending navigations. Status: ok
[1739354035.494][INFO]: [ca2552411c866a9f6734b21dc2bd0ca9] RESPONSE GetElementText "4.3"
[1739354035.495][INFO]: [ca2552411c866a9f6734b21dc2bd0ca9] COMMAND GetElementText {
   "id": "f.E6F7DCFF375715F3B309CAEA11BA9AD3.d.A41C668D35BA06786129661311F6E539.e.383"
}
[1739354035.495][INFO]: Waiting for pending navigations...
[1739354035.495][INFO]: Done waiting for pending navigations. Status: ok
[1739354035.497][INFO]: Waiting for pending navigations...
[1739354035.498][INFO]: Done waiting for pending navigations. Status: ok
[1739354035.498][INFO]: [ca2552411c866a9f6734b21dc2bd0ca9] RESPONSE GetElementText "4.3"
[1739354035.498][INFO]: [ca2552411c866a9f6734b21dc2bd0ca9] COMMAND GetElementText {
   "id": "f.E6F7DCFF375715F3B309CAEA11BA9AD3.d.A41C668D35BA06786129661311F6E539.e.384"
}
[1739354035.498][INFO]: Waiting for pending navigations...
[1739354035.499][INFO]: Done waiting for pending navigations. Status: ok
[1739354035.501][INFO]: Waiting for pending navigations...
[1739354035.501][INFO]: Done waiting for pending navigations. Status: ok
[1739354035.501][INFO]: [ca2552411c866a9f6734b21dc2bd0ca9] RESPONSE GetElementText "4.3"
[1739354035.513][INFO]: [ca2552411c866a9f6734b21dc2bd0ca9] COMMAND GetElementText {
   "id": "f.E6F7DCFF375715F3B309CAEA11BA9AD3.d.A41C668D35BA06786129661311F6E539.e.385"
}
[1739354035.513][INFO]: Waiting for pending navigations...
[1739354035.514][INFO]: Done waiting for pending navigations. Status: ok
[1739354035.516][INFO]: Waiting for pending navigations...
[1739354035.517][INFO]: Done waiting for pending navigations. Status: ok
[1739354035.517][INFO]: [ca2552411c866a9f6734b21dc2bd0ca9] RESPONSE GetElementText "4.3"
[1739354035.518][INFO]: [ca2552411c866a9f6734b21dc2bd0ca9] COMMAND GetElementText {
   "id": "f.E6F7DCFF375715F3B309CAEA11BA9AD3.d.A41C668D35BA06786129661311F6E539.e.386"
}
[1739354035.518][INFO]: Waiting for pending navigations...
[1739354035.518][INFO]: Done waiting for pending navigations. Status: ok
[1739354035.520][INFO]: Waiting for pending navigations...
[1739354035.521][INFO]: Done waiting for pending navigations. Status: ok
[1739354035.521][INFO]: [ca2552411c866a9f6734b21dc2bd0ca9] RESPONSE GetElementText "4.3"
[1739354035.521][INFO]: [ca2552411c866a9f6734b21dc2bd0ca9] COMMAND GetElementText {
   "id": "f.E6F7DCFF375715F3B309CAEA11BA9AD3.d.A41C668D35BA06786129661311F6E539.e.387"
}
[1739354035.521][INFO]: Waiting for pending navigations...
[1739354035.522][INFO]: Done waiting for pending navigations. Status: ok
[1739354035.524][INFO]: Waiting for pending navigations...
[1739354035.524][INFO]: Done waiting for pending navigations. Status: ok
[1739354035.524][INFO]: [ca2552411c866a9f6734b21dc2bd0ca9] RESPONSE GetElementText "4.5"
[1739354035.525][INFO]: [ca2552411c866a9f6734b21dc2bd0ca9] COMMAND GetElementText {
   "id": "f.E6F7DCFF375715F3B309CAEA11BA9AD3.d.A41C668D35BA06786129661311F6E539.e.388"
}
[1739354035.525][INFO]: Waiting for pending navigations...
[1739354035.525][INFO]: Done waiting for pending navigations. Status: ok
[1739354035.528][INFO]: Waiting for pending navigations...
[1739354035.528][INFO]: Done waiting for pending navigations. Status: ok
[1739354035.528][INFO]: [ca2552411c866a9f6734b21dc2bd0ca9] RESPONSE GetElementText "4.1"
[1739354035.529][INFO]: [ca2552411c866a9f6734b21dc2bd0ca9] COMMAND GetElementText {
   "id": "f.E6F7DCFF375715F3B309CAEA11BA9AD3.d.A41C668D35BA06786129661311F6E539.e.389"
}
[1739354035.529][INFO]: Waiting for pending navigations...
[1739354035.529][INFO]: Done waiting for pending navigations. Status: ok
[1739354035.532][INFO]: Waiting for pending navigations...
[1739354035.532][INFO]: Done waiting for pending navigations. Status: ok
[1739354035.532][INFO]: [ca2552411c866a9f6734b21dc2bd0ca9] RESPONSE GetElementText "4.3"
[1739354035.533][INFO]: [ca2552411c866a9f6734b21dc2bd0ca9] COMMAND GetElementText {
   "id": "f.E6F7DCFF375715F3B309CAEA11BA9AD3.d.A41C668D35BA06786129661311F6E539.e.390"
}
[1739354035.533][INFO]: Waiting for pending navigations...
[1739354035.533][INFO]: Done waiting for pending navigations. Status: ok
[1739354035.535][INFO]: Waiting for pending navigations...
[1739354035.536][INFO]: Done waiting for pending navigations. Status: ok
[1739354035.536][INFO]: [ca2552411c866a9f6734b21dc2bd0ca9] RESPONSE GetElementText "4.1"
[1739354035.536][INFO]: [ca2552411c866a9f6734b21dc2bd0ca9] COMMAND GetElementText {
   "id": "f.E6F7DCFF375715F3B309CAEA11BA9AD3.d.A41C668D35BA06786129661311F6E539.e.391"
}
[1739354035.536][INFO]: Waiting for pending navigations...
[1739354035.537][INFO]: Done waiting for pending navigations. Status: ok
[1739354035.539][INFO]: Waiting for pending navigations...
[1739354035.539][INFO]: Done waiting for pending navigations. Status: ok
[1739354035.539][INFO]: [ca2552411c866a9f6734b21dc2bd0ca9] RESPONSE GetElementText "4.4"
[1739354035.540][INFO]: [ca2552411c866a9f6734b21dc2bd0ca9] COMMAND GetElementText {
   "id": "f.E6F7DCFF375715F3B309CAEA11BA9AD3.d.A41C668D35BA06786129661311F6E539.e.392"
}
[1739354035.540][INFO]: Waiting for pending navigations...
[1739354035.540][INFO]: Done waiting for pending navigations. Status: ok
[1739354035.543][INFO]: Waiting for pending navigations...
[1739354035.543][INFO]: Done waiting for pending navigations. Status: ok
[1739354035.543][INFO]: [ca2552411c866a9f6734b21dc2bd0ca9] RESPONSE GetElementText "4.3"
[1739354035.544][INFO]: [ca2552411c866a9f6734b21dc2bd0ca9] COMMAND GetElementText {
   "id": "f.E6F7DCFF375715F3B309CAEA11BA9AD3.d.A41C668D35BA06786129661311F6E539.e.393"
}
[1739354035.544][INFO]: Waiting for pending navigations...
[1739354035.544][INFO]: Done waiting for pending navigations. Status: ok
[1739354035.548][INFO]: Waiting for pending navigations...
[1739354035.548][INFO]: Done waiting for pending navigations. Status: ok
[1739354035.549][INFO]: [ca2552411c866a9f6734b21dc2bd0ca9] RESPONSE GetElementText "4.3"
[1739354035.550][INFO]: [ca2552411c866a9f6734b21dc2bd0ca9] COMMAND GetElementText {
   "id": "f.E6F7DCFF375715F3B309CAEA11BA9AD3.d.A41C668D35BA06786129661311F6E539.e.394"
}
[1739354035.550][INFO]: Waiting for pending navigations...
[1739354035.550][INFO]: Done waiting for pending navigations. Status: ok
[1739354035.553][INFO]: Waiting for pending navigations...
[1739354035.553][INFO]: Done waiting for pending navigations. Status: ok
[1739354035.553][INFO]: [ca2552411c866a9f6734b21dc2bd0ca9] RESPONSE GetElementText "4.1"
[1739354035.554][INFO]: [ca2552411c866a9f6734b21dc2bd0ca9] COMMAND GetElementText {
   "id": "f.E6F7DCFF375715F3B309CAEA11BA9AD3.d.A41C668D35BA06786129661311F6E539.e.395"
}
[1739354035.554][INFO]: Waiting for pending navigations...
[1739354035.554][INFO]: Done waiting for pending navigations. Status: ok
[1739354035.557][INFO]: Waiting for pending navigations...
[1739354035.557][INFO]: Done waiting for pending navigations. Status: ok
[1739354035.557][INFO]: [ca2552411c866a9f6734b21dc2bd0ca9] RESPONSE GetElementText "4.1"
[1739354035.558][INFO]: [ca2552411c866a9f6734b21dc2bd0ca9] COMMAND GetElementText {
   "id": "f.E6F7DCFF375715F3B309CAEA11BA9AD3.d.A41C668D35BA06786129661311F6E539.e.396"
}
[1739354035.558][INFO]: Waiting for pending navigations...
[1739354035.558][INFO]: Done waiting for pending navigations. Status: ok
[1739354035.562][INFO]: Waiting for pending navigations...
[1739354035.562][INFO]: Done waiting for pending navigations. Status: ok
[1739354035.562][INFO]: [ca2552411c866a9f6734b21dc2bd0ca9] RESPONSE GetElementText "5"
[1739354035.563][INFO]: [ca2552411c866a9f6734b21dc2bd0ca9] COMMAND GetElementText {
   "id": "f.E6F7DCFF375715F3B309CAEA11BA9AD3.d.A41C668D35BA06786129661311F6E539.e.397"
}
[1739354035.563][INFO]: Waiting for pending navigations...
[1739354035.563][INFO]: Done waiting for pending navigations. Status: ok
[1739354035.566][INFO]: Waiting for pending navigations...
[1739354035.566][INFO]: Done waiting for pending navigations. Status: ok
[1739354035.566][INFO]: [ca2552411c866a9f6734b21dc2bd0ca9] RESPONSE GetElementText "5"
[1739354035.567][INFO]: [ca2552411c866a9f6734b21dc2bd0ca9] COMMAND GetElementText {
   "id": "f.E6F7DCFF375715F3B309CAEA11BA9AD3.d.A41C668D35BA06786129661311F6E539.e.398"
}
[1739354035.567][INFO]: Waiting for pending navigations...
[1739354035.567][INFO]: Done waiting for pending navigations. Status: ok
[1739354035.569][INFO]: Waiting for pending navigations...
[1739354035.569][INFO]: Done waiting for pending navigations. Status: ok
[1739354035.569][INFO]: [ca2552411c866a9f6734b21dc2bd0ca9] RESPONSE GetElementText "4.4"
[1739354035.570][INFO]: [ca2552411c866a9f6734b21dc2bd0ca9] COMMAND GetElementText {
   "id": "f.E6F7DCFF375715F3B309CAEA11BA9AD3.d.A41C668D35BA06786129661311F6E539.e.399"
}
[1739354035.570][INFO]: Waiting for pending navigations...
[1739354035.571][INFO]: Done waiting for pending navigations. Status: ok
[1739354035.573][INFO]: Waiting for pending navigations...
[1739354035.573][INFO]: Done waiting for pending navigations. Status: ok
[1739354035.573][INFO]: [ca2552411c866a9f6734b21dc2bd0ca9] RESPONSE GetElementText "5"
[1739354035.574][INFO]: [ca2552411c866a9f6734b21dc2bd0ca9] COMMAND GetElementText {
   "id": "f.E6F7DCFF375715F3B309CAEA11BA9AD3.d.A41C668D35BA06786129661311F6E539.e.400"
}
[1739354035.574][INFO]: Waiting for pending navigations...
[1739354035.574][INFO]: Done waiting for pending navigations. Status: ok
[1739354035.577][INFO]: Waiting for pending navigations...
[1739354035.577][INFO]: Done waiting for pending navigations. Status: ok
[1739354035.577][INFO]: [ca2552411c866a9f6734b21dc2bd0ca9] RESPONSE GetElementText "5"
[1739354035.578][INFO]: [ca2552411c866a9f6734b21dc2bd0ca9] COMMAND GetElementText {
   "id": "f.E6F7DCFF375715F3B309CAEA11BA9AD3.d.A41C668D35BA06786129661311F6E539.e.401"
}
[1739354035.578][INFO]: Waiting for pending navigations...
[1739354035.578][INFO]: Done waiting for pending navigations. Status: ok
[1739354035.580][INFO]: Waiting for pending navigations...
[1739354035.580][INFO]: Done waiting for pending navigations. Status: ok
[1739354035.580][INFO]: [ca2552411c866a9f6734b21dc2bd0ca9] RESPONSE GetElementText "4.1"
[1739354035.581][INFO]: [ca2552411c866a9f6734b21dc2bd0ca9] COMMAND GetElementText {
   "id": "f.E6F7DCFF375715F3B309CAEA11BA9AD3.d.A41C668D35BA06786129661311F6E539.e.402"
}
[1739354035.581][INFO]: Waiting for pending navigations...
[1739354035.581][INFO]: Done waiting for pending navigations. Status: ok
[1739354035.584][INFO]: Waiting for pending navigations...
[1739354035.584][INFO]: Done waiting for pending navigations. Status: ok
[1739354035.584][INFO]: [ca2552411c866a9f6734b21dc2bd0ca9] RESPONSE GetElementText "4"
[1739354035.585][INFO]: [ca2552411c866a9f6734b21dc2bd0ca9] COMMAND GetElementText {
   "id": "f.E6F7DCFF375715F3B309CAEA11BA9AD3.d.A41C668D35BA06786129661311F6E539.e.403"
}
[1739354035.585][INFO]: Waiting for pending navigations...
[1739354035.585][INFO]: Done waiting for pending navigations. Status: ok
[1739354035.587][INFO]: Waiting for pending navigations...
[1739354035.588][INFO]: Done waiting for pending navigations. Status: ok
[1739354035.588][INFO]: [ca2552411c866a9f6734b21dc2bd0ca9] RESPONSE GetElementText "2"
[1739354035.588][INFO]: [ca2552411c866a9f6734b21dc2bd0ca9] COMMAND GetElementText {
   "id": "f.E6F7DCFF375715F3B309CAEA11BA9AD3.d.A41C668D35BA06786129661311F6E539.e.404"
}
[1739354035.588][INFO]: Waiting for pending navigations...
[1739354035.589][INFO]: Done waiting for pending navigations. Status: ok
[1739354035.591][INFO]: Waiting for pending navigations...
[1739354035.591][INFO]: Done waiting for pending navigations. Status: ok
[1739354035.591][INFO]: [ca2552411c866a9f6734b21dc2bd0ca9] RESPONSE GetElementText "4.3"
[1739354035.592][INFO]: [ca2552411c866a9f6734b21dc2bd0ca9] COMMAND GetElementText {
   "id": "f.E6F7DCFF375715F3B309CAEA11BA9AD3.d.A41C668D35BA06786129661311F6E539.e.405"
}
[1739354035.592][INFO]: Waiting for pending navigations...
[1739354035.592][INFO]: Done waiting for pending navigations. Status: ok
[1739354035.595][INFO]: Waiting for pending navigations...
[1739354035.595][INFO]: Done waiting for pending navigations. Status: ok
[1739354035.595][INFO]: [ca2552411c866a9f6734b21dc2bd0ca9] RESPONSE GetElementText "5"
[1739354035.596][INFO]: [ca2552411c866a9f6734b21dc2bd0ca9] COMMAND GetElementText {
   "id": "f.E6F7DCFF375715F3B309CAEA11BA9AD3.d.A41C668D35BA06786129661311F6E539.e.406"
}
[1739354035.596][INFO]: Waiting for pending navigations...
[1739354035.596][INFO]: Done waiting for pending navigations. Status: ok
[1739354035.598][INFO]: Waiting for pending navigations...
[1739354035.599][INFO]: Done waiting for pending navigations. Status: ok
[1739354035.599][INFO]: [ca2552411c866a9f6734b21dc2bd0ca9] RESPONSE GetElementText "5"
[1739354035.600][INFO]: [ca2552411c866a9f6734b21dc2bd0ca9] COMMAND GetElementText {
   "id": "f.E6F7DCFF375715F3B309CAEA11BA9AD3.d.A41C668D35BA06786129661311F6E539.e.407"
}
[1739354035.600][INFO]: Waiting for pending navigations...
[1739354035.600][INFO]: Done waiting for pending navigations. Status: ok
[1739354035.602][INFO]: Waiting for pending navigations...
[1739354035.602][INFO]: Done waiting for pending navigations. Status: ok
[1739354035.602][INFO]: [ca2552411c866a9f6734b21dc2bd0ca9] RESPONSE GetElementText "4.2"
[1739354035.603][INFO]: [ca2552411c866a9f6734b21dc2bd0ca9] COMMAND GetElementText {
   "id": "f.E6F7DCFF375715F3B309CAEA11BA9AD3.d.A41C668D35BA06786129661311F6E539.e.408"
}
[1739354035.603][INFO]: Waiting for pending navigations...
[1739354035.603][INFO]: Done waiting for pending navigations. Status: ok
[1739354035.606][INFO]: Waiting for pending navigations...
[1739354035.606][INFO]: Done waiting for pending navigations. Status: ok
[1739354035.606][INFO]: [ca2552411c866a9f6734b21dc2bd0ca9] RESPONSE GetElementText "4"
[1739354035.607][INFO]: [ca2552411c866a9f6734b21dc2bd0ca9] COMMAND GetElementText {
   "id": "f.E6F7DCFF375715F3B309CAEA11BA9AD3.d.A41C668D35BA06786129661311F6E539.e.409"
}
[1739354035.607][INFO]: Waiting for pending navigations...
[1739354035.607][INFO]: Done waiting for pending navigations. Status: ok
[1739354035.609][INFO]: Waiting for pending navigations...
[1739354035.609][INFO]: Done waiting for pending navigations. Status: ok
[1739354035.609][INFO]: [ca2552411c866a9f6734b21dc2bd0ca9] RESPONSE GetElementText "5"
[1739354035.612][INFO]: [ca2552411c866a9f6734b21dc2bd0ca9] COMMAND Navigate {
   "url": "https://www.flipkart.com"
}
[1739354035.612][INFO]: Waiting for pending navigations...
[1739354035.612][INFO]: Done waiting for pending navigations. Status: ok
[1739354035.979][INFO]: Waiting for pending navigations...
[1739354036.504][INFO]: Done waiting for pending navigations. Status: ok
[1739354036.504][INFO]: [ca2552411c866a9f6734b21dc2bd0ca9] RESPONSE Navigate
[1739354036.510][INFO]: [ca2552411c866a9f6734b21dc2bd0ca9] COMMAND GetUrl {
}
[1739354036.510][INFO]: Waiting for pending navigations...
[1739354036.531][INFO]: Done waiting for pending navigations. Status: ok
[1739354036.557][INFO]: Waiting for pending navigations...
[1739354036.558][INFO]: Done waiting for pending navigations. Status: ok
[1739354036.558][INFO]: [ca2552411c866a9f6734b21dc2bd0ca9] RESPONSE GetUrl "https://www.flipkart.com/"
[1739354036.559][INFO]: [ca2552411c866a9f6734b21dc2bd0ca9] COMMAND FindElement {
   "using": "css selector",
   "value": "input[name='q']"
}
[1739354036.559][INFO]: Waiting for pending navigations...
[1739354036.559][INFO]: Done waiting for pending navigations. Status: ok
[1739354036.562][INFO]: Waiting for pending navigations...
[1739354036.563][INFO]: Done waiting for pending navigations. Status: ok
[1739354036.563][INFO]: [ca2552411c866a9f6734b21dc2bd0ca9] RESPONSE FindElement {
   "element-6066-11e4-a52e-4f735466cecf": "f.E6F7DCFF375715F3B309CAEA11BA9AD3.d.B648864B1537BC23BC7E83AA29CB07B0.e.453"
}
[1739354036.564][INFO]: [ca2552411c866a9f6734b21dc2bd0ca9] COMMAND TypeElement {
   "id": "f.E6F7DCFF375715F3B309CAEA11BA9AD3.d.B648864B1537BC23BC7E83AA29CB07B0.e.453",
   "text": "iPhone",
   "value": [ "i", "P", "h", "o", "n", "e", "" ]
}
[1739354036.564][INFO]: Waiting for pending navigations...
[1739354036.564][INFO]: Done waiting for pending navigations. Status: ok
[1739354036.589][INFO]: Waiting for pending navigations...
[1739354038.519][INFO]: Done waiting for pending navigations. Status: ok
[1739354038.519][INFO]: [ca2552411c866a9f6734b21dc2bd0ca9] RESPONSE TypeElement
[1739354038.525][INFO]: [ca2552411c866a9f6734b21dc2bd0ca9] COMMAND GetUrl {
}
[1739354038.526][INFO]: Waiting for pending navigations...
[1739354038.529][INFO]: Done waiting for pending navigations. Status: ok
[1739354038.532][INFO]: Waiting for pending navigations...
[1739354038.533][INFO]: Done waiting for pending navigations. Status: ok
[1739354038.533][INFO]: [ca2552411c866a9f6734b21dc2bd0ca9] RESPONSE GetUrl "https://www.flipkart.com/search?q=iPhone&otracker=search&otracker1=search&marketplace=FLIPKART&as-show=off&as=off"
[1739354038.534][INFO]: [ca2552411c866a9f6734b21dc2bd0ca9] COMMAND FindElements {
   "using": "xpath",
   "value": "//div[@class='UkUFwK']"
}
[1739354038.534][INFO]: Waiting for pending navigations...
[1739354038.534][INFO]: Done waiting for pending navigations. Status: ok
[1739354038.544][INFO]: Waiting for pending navigations...
[1739354038.544][INFO]: Done waiting for pending navigations. Status: ok
[1739354038.544][INFO]: [ca2552411c866a9f6734b21dc2bd0ca9] RESPONSE FindElements [ {
   "element-6066-11e4-a52e-4f735466cecf": "f.E6F7DCFF375715F3B309CAEA11BA9AD3.d.072202E26E2E1A4927191725D33F1E1A.e.686"
}, {
   "element-6066-11e4-a52e-4f735466cecf": "f.E6F7DCFF375715F3B309CAEA11BA9AD3.d.072202E26E2E1A4927191725D33F1E1A.e.687"
}, {
   "element-6066-11e4-a52e-4f735466cecf": "f.E6F7DCFF375715F3B309CAEA11BA9AD3.d.072202E26E2E1A4927191725D33F1E1A.e.688"
}, {
   "element-6066-11e4-a52e-4f735466cecf": "f.E6F7DCFF375715F3B309CAEA11BA9AD3.d.072202E26E2E1A4927191725D33F1E1A.e.689"
}, {
   "element-6066-11e4-a52e-4f735466cecf": "f.E6F7DCFF375715F3B309CAEA11BA9AD3.d.072202E26E2E1A4927191725D33F1E1A.e.690"
}, {
   "element-6066-11e4-a52e-4f735466cecf": "f.E6F7DCFF375715F3B309CAEA11BA9AD3.d.072202E26E2E1A4927191725D33F1E1A.e.691"
}, {
   "element-6066-11e4-a52e-4f735466cecf": "f.E6F7DCFF375715F3B309CAEA11BA9AD3.d.072202E26E2E1A4927191725D33F1E1A.e.692"
}, {
   "element-6066-11e4-a52e-4f735466cecf": "f.E6F7DCFF375715F3B309CAEA11BA9AD3.d.072202E26E2E1A4927191725D33F1E1A.e.693"
}, {
   "element-6066-11e4-a52e-4f735466cecf": "f.E6F7DCFF375715F3B309CAEA11BA9AD3.d.072202E26E2E1A4927191725D33F1E1A.e.694"
}, {
   "element-6066-11e4-a52e-4f735466cecf": "f.E6F7DCFF375715F3B309CAEA11BA9AD3.d.072202E26E2E1A4927191725D33F1E1A.e.695"
}, {
   "element-6066-11e4-a52e-4f735466cecf": "f.E6F7DCFF375715F3B309CAEA11BA9AD3.d.072202E26E2E1A4927191725D33F1E1A.e.696"
}, {
   "element-6066-11e4-a52e-4f735466cecf": "f.E6F7DCFF375715F3B309CAEA11BA9AD3.d.072202E26E2E1A4927191725D33F1E1A.e.697"
}, {
   "element-6066-11e4-a52e-4f735466cecf": "f.E6F7DCFF375715F3B309CAEA11BA9AD3.d.072202E26E2E1A4927191725D33F1E1A.e.698"
}, {
   "element-6066-11e4-a52e-4f735466cecf": "f.E6F7DCFF375715F3B309CAEA11BA9AD3.d.072202E26E2E1A4927191725D33F1E1A.e.699"
}, {
   "element-6066-11e4-a52e-4f735466cecf": "f.E6F7DCFF375715F3B309CAEA11BA9AD3.d.072202E26E2E1A4927191725D33F1E1A.e.700"
}, {
   "element-6066-11e4-a52e-4f735466cecf": "f.E6F7DCFF375715F3B309CAEA11BA9AD3.d.072202E26E2E1A4927191725D33F1E1A.e.701"
}, {
   "element-6066-11e4-a52e-4f735466cecf": "f.E6F7DCFF375715F3B309CAEA11BA9AD3.d.072202E26E2E1A4927191725D33F1E1A.e.702"
}, {
   "element-6066-11e4-a52e-4f735466cecf": "f.E6F7DCFF375715F3B309CAEA11BA9AD3.d.072202E26E2E1A4927191725D33F1E1A.e.703"
}, {
   "element-6066-11e4-a52e-4f735466cecf": "f.E6F7DCFF375715F3B309CAEA11BA9AD3.d.072202E26E2E1A4927191725D33F1E1A.e.704"
}, "..." ]
[1739354038.546][INFO]: [ca2552411c866a9f6734b21dc2bd0ca9] COMMAND GetElementText {
   "id": "f.E6F7DCFF375715F3B309CAEA11BA9AD3.d.072202E26E2E1A4927191725D33F1E1A.e.686"
}
[1739354038.546][INFO]: Waiting for pending navigations...
[1739354038.546][INFO]: Done waiting for pending navigations. Status: ok
[1739354038.549][INFO]: Waiting for pending navigations...
[1739354038.549][INFO]: Done waiting for pending navigations. Status: ok
[1739354038.549][INFO]: [ca2552411c866a9f6734b21dc2bd0ca9] RESPONSE GetElementText "9% off"
[1739354038.550][INFO]: [ca2552411c866a9f6734b21dc2bd0ca9] COMMAND GetElementText {
   "id": "f.E6F7DCFF375715F3B309CAEA11BA9AD3.d.072202E26E2E1A4927191725D33F1E1A.e.687"
}
[1739354038.550][INFO]: Waiting for pending navigations...
[1739354038.550][INFO]: Done waiting for pending navigations. Status: ok
[1739354038.553][INFO]: Waiting for pending navigations...
[1739354038.553][INFO]: Done waiting for pending navigations. Status: ok
[1739354038.553][INFO]: [ca2552411c866a9f6734b21dc2bd0ca9] RESPONSE GetElementText "12% off"
[1739354038.554][INFO]: [ca2552411c866a9f6734b21dc2bd0ca9] COMMAND GetElementText {
   "id": "f.E6F7DCFF375715F3B309CAEA11BA9AD3.d.072202E26E2E1A4927191725D33F1E1A.e.688"
}
[1739354038.554][INFO]: Waiting for pending navigations...
[1739354038.554][INFO]: Done waiting for pending navigations. Status: ok
[1739354038.557][INFO]: Waiting for pending navigations...
[1739354038.557][INFO]: Done waiting for pending navigations. Status: ok
[1739354038.557][INFO]: [ca2552411c866a9f6734b21dc2bd0ca9] RESPONSE GetElementText "9% off"
[1739354038.558][INFO]: [ca2552411c866a9f6734b21dc2bd0ca9] COMMAND GetElementText {
   "id": "f.E6F7DCFF375715F3B309CAEA11BA9AD3.d.072202E26E2E1A4927191725D33F1E1A.e.689"
}
[1739354038.558][INFO]: Waiting for pending navigations...
[1739354038.558][INFO]: Done waiting for pending navigations. Status: ok
[1739354038.561][INFO]: Waiting for pending navigations...
[1739354038.562][INFO]: Done waiting for pending navigations. Status: ok
[1739354038.562][INFO]: [ca2552411c866a9f6734b21dc2bd0ca9] RESPONSE GetElementText "12% off"
[1739354038.563][INFO]: [ca2552411c866a9f6734b21dc2bd0ca9] COMMAND GetElementText {
   "id": "f.E6F7DCFF375715F3B309CAEA11BA9AD3.d.072202E26E2E1A4927191725D33F1E1A.e.690"
}
[1739354038.563][INFO]: Waiting for pending navigations...
[1739354038.563][INFO]: Done waiting for pending navigations. Status: ok
[1739354038.565][INFO]: Waiting for pending navigations...
[1739354038.566][INFO]: Done waiting for pending navigations. Status: ok
[1739354038.566][INFO]: [ca2552411c866a9f6734b21dc2bd0ca9] RESPONSE GetElementText "13% off"
[1739354038.566][INFO]: [ca2552411c866a9f6734b21dc2bd0ca9] COMMAND GetElementText {
   "id": "f.E6F7DCFF375715F3B309CAEA11BA9AD3.d.072202E26E2E1A4927191725D33F1E1A.e.691"
}
[1739354038.566][INFO]: Waiting for pending navigations...
[1739354038.567][INFO]: Done waiting for pending navigations. Status: ok
[1739354038.569][INFO]: Waiting for pending navigations...
[1739354038.569][INFO]: Done waiting for pending navigations. Status: ok
[1739354038.569][INFO]: [ca2552411c866a9f6734b21dc2bd0ca9] RESPONSE GetElementText "11% off"
[1739354038.570][INFO]: [ca2552411c866a9f6734b21dc2bd0ca9] COMMAND GetElementText {
   "id": "f.E6F7DCFF375715F3B309CAEA11BA9AD3.d.072202E26E2E1A4927191725D33F1E1A.e.692"
}
[1739354038.570][INFO]: Waiting for pending navigations...
[1739354038.570][INFO]: Done waiting for pending navigations. Status: ok
[1739354038.573][INFO]: Waiting for pending navigations...
[1739354038.573][INFO]: Done waiting for pending navigations. Status: ok
[1739354038.573][INFO]: [ca2552411c866a9f6734b21dc2bd0ca9] RESPONSE GetElementText "12% off"
[1739354038.573][INFO]: [ca2552411c866a9f6734b21dc2bd0ca9] COMMAND GetElementText {
   "id": "f.E6F7DCFF375715F3B309CAEA11BA9AD3.d.072202E26E2E1A4927191725D33F1E1A.e.693"
}
[1739354038.573][INFO]: Waiting for pending navigations...
[1739354038.574][INFO]: Done waiting for pending navigations. Status: ok
[1739354038.576][INFO]: Waiting for pending navigations...
[1739354038.576][INFO]: Done waiting for pending navigations. Status: ok
[1739354038.576][INFO]: [ca2552411c866a9f6734b21dc2bd0ca9] RESPONSE GetElementText "10% off"
[1739354038.577][INFO]: [ca2552411c866a9f6734b21dc2bd0ca9] COMMAND GetElementText {
   "id": "f.E6F7DCFF375715F3B309CAEA11BA9AD3.d.072202E26E2E1A4927191725D33F1E1A.e.694"
}
[1739354038.577][INFO]: Waiting for pending navigations...
[1739354038.577][INFO]: Done waiting for pending navigations. Status: ok
[1739354038.579][INFO]: Waiting for pending navigations...
[1739354038.580][INFO]: Done waiting for pending navigations. Status: ok
[1739354038.580][INFO]: [ca2552411c866a9f6734b21dc2bd0ca9] RESPONSE GetElementText "13% off"
[1739354038.580][INFO]: [ca2552411c866a9f6734b21dc2bd0ca9] COMMAND GetElementText {
   "id": "f.E6F7DCFF375715F3B309CAEA11BA9AD3.d.072202E26E2E1A4927191725D33F1E1A.e.695"
}
[1739354038.580][INFO]: Waiting for pending navigations...
[1739354038.580][INFO]: Done waiting for pending navigations. Status: ok
[1739354038.583][INFO]: Waiting for pending navigations...
[1739354038.583][INFO]: Done waiting for pending navigations. Status: ok
[1739354038.583][INFO]: [ca2552411c866a9f6734b21dc2bd0ca9] RESPONSE GetElementText "7% off"
[1739354038.584][INFO]: [ca2552411c866a9f6734b21dc2bd0ca9] COMMAND GetElementText {
   "id": "f.E6F7DCFF375715F3B309CAEA11BA9AD3.d.072202E26E2E1A4927191725D33F1E1A.e.696"
}
[1739354038.584][INFO]: Waiting for pending navigations...
[1739354038.584][INFO]: Done waiting for pending navigations. Status: ok
[1739354038.587][INFO]: Waiting for pending navigations...
[1739354038.587][INFO]: Done waiting for pending navigations. Status: ok
[1739354038.587][INFO]: [ca2552411c866a9f6734b21dc2bd0ca9] RESPONSE GetElementText "9% off"
[1739354038.587][INFO]: [ca2552411c866a9f6734b21dc2bd0ca9] COMMAND GetElementText {
   "id": "f.E6F7DCFF375715F3B309CAEA11BA9AD3.d.072202E26E2E1A4927191725D33F1E1A.e.697"
}
[1739354038.587][INFO]: Waiting for pending navigations...
[1739354038.587][INFO]: Done waiting for pending navigations. Status: ok
[1739354038.590][INFO]: Waiting for pending navigations...
[1739354038.590][INFO]: Done waiting for pending navigations. Status: ok
[1739354038.590][INFO]: [ca2552411c866a9f6734b21dc2bd0ca9] RESPONSE GetElementText "11% off"
[1739354038.591][INFO]: [ca2552411c866a9f6734b21dc2bd0ca9] COMMAND GetElementText {
   "id": "f.E6F7DCFF375715F3B309CAEA11BA9AD3.d.072202E26E2E1A4927191725D33F1E1A.e.698"
}
[1739354038.591][INFO]: Waiting for pending navigations...
[1739354038.591][INFO]: Done waiting for pending navigations. Status: ok
[1739354038.593][INFO]: Waiting for pending navigations...
[1739354038.593][INFO]: Done waiting for pending navigations. Status: ok
[1739354038.593][INFO]: [ca2552411c866a9f6734b21dc2bd0ca9] RESPONSE GetElementText "12% off"
[1739354038.594][INFO]: [ca2552411c866a9f6734b21dc2bd0ca9] COMMAND GetElementText {
   "id": "f.E6F7DCFF375715F3B309CAEA11BA9AD3.d.072202E26E2E1A4927191725D33F1E1A.e.699"
}
[1739354038.594][INFO]: Waiting for pending navigations...
[1739354038.594][INFO]: Done waiting for pending navigations. Status: ok
[1739354038.597][INFO]: Waiting for pending navigations...
[1739354038.598][INFO]: Done waiting for pending navigations. Status: ok
[1739354038.598][INFO]: [ca2552411c866a9f6734b21dc2bd0ca9] RESPONSE GetElementText "11% off"
[1739354038.598][INFO]: [ca2552411c866a9f6734b21dc2bd0ca9] COMMAND GetElementText {
   "id": "f.E6F7DCFF375715F3B309CAEA11BA9AD3.d.072202E26E2E1A4927191725D33F1E1A.e.700"
}
[1739354038.598][INFO]: Waiting for pending navigations...
[1739354038.598][INFO]: Done waiting for pending navigations. Status: ok
[1739354038.601][INFO]: Waiting for pending navigations...
[1739354038.601][INFO]: Done waiting for pending navigations. Status: ok
[1739354038.601][INFO]: [ca2552411c866a9f6734b21dc2bd0ca9] RESPONSE GetElementText "13% off"
[1739354038.602][INFO]: [ca2552411c866a9f6734b21dc2bd0ca9] COMMAND GetElementText {
   "id": "f.E6F7DCFF375715F3B309CAEA11BA9AD3.d.072202E26E2E1A4927191725D33F1E1A.e.701"
}
[1739354038.602][INFO]: Waiting for pending navigations...
[1739354038.602][INFO]: Done waiting for pending navigations. Status: ok
[1739354038.604][INFO]: Waiting for pending navigations...
[1739354038.605][INFO]: Done waiting for pending navigations. Status: ok
[1739354038.605][INFO]: [ca2552411c866a9f6734b21dc2bd0ca9] RESPONSE GetElementText "10% off"
[1739354038.605][INFO]: [ca2552411c866a9f6734b21dc2bd0ca9] COMMAND GetElementText {
   "id": "f.E6F7DCFF375715F3B309CAEA11BA9AD3.d.072202E26E2E1A4927191725D33F1E1A.e.702"
}
[1739354038.605][INFO]: Waiting for pending navigations...
[1739354038.606][INFO]: Done waiting for pending navigations. Status: ok
[1739354038.609][INFO]: Waiting for pending navigations...
[1739354038.609][INFO]: Done waiting for pending navigations. Status: ok
[1739354038.609][INFO]: [ca2552411c866a9f6734b21dc2bd0ca9] RESPONSE GetElementText "10% off"
[1739354038.610][INFO]: [ca2552411c866a9f6734b21dc2bd0ca9] COMMAND GetElementText {
   "id": "f.E6F7DCFF375715F3B309CAEA11BA9AD3.d.072202E26E2E1A4927191725D33F1E1A.e.703"
}
[1739354038.610][INFO]: Waiting for pending navigations...
[1739354038.610][INFO]: Done waiting for pending navigations. Status: ok
[1739354038.614][INFO]: Waiting for pending navigations...
[1739354038.614][INFO]: Done waiting for pending navigations. Status: ok
[1739354038.614][INFO]: [ca2552411c866a9f6734b21dc2bd0ca9] RESPONSE GetElementText "7% off"
[1739354038.615][INFO]: [ca2552411c866a9f6734b21dc2bd0ca9] COMMAND GetElementText {
   "id": "f.E6F7DCFF375715F3B309CAEA11BA9AD3.d.072202E26E2E1A4927191725D33F1E1A.e.704"
}
[1739354038.615][INFO]: Waiting for pending navigations...
[1739354038.615][INFO]: Done waiting for pending navigations. Status: ok
[1739354038.618][INFO]: Waiting for pending navigations...
[1739354038.618][INFO]: Done waiting for pending navigations. Status: ok
[1739354038.618][INFO]: [ca2552411c866a9f6734b21dc2bd0ca9] RESPONSE GetElementText "12% off"
[1739354038.619][INFO]: [ca2552411c866a9f6734b21dc2bd0ca9] COMMAND GetElementText {
   "id": "f.E6F7DCFF375715F3B309CAEA11BA9AD3.d.072202E26E2E1A4927191725D33F1E1A.e.705"
}
[1739354038.619][INFO]: Waiting for pending navigations...
[1739354038.619][INFO]: Done waiting for pending navigations. Status: ok
[1739354038.621][INFO]: Waiting for pending navigations...
[1739354038.621][INFO]: Done waiting for pending navigations. Status: ok
[1739354038.621][INFO]: [ca2552411c866a9f6734b21dc2bd0ca9] RESPONSE GetElementText "12% off"
[1739354038.622][INFO]: [ca2552411c866a9f6734b21dc2bd0ca9] COMMAND GetElementText {
   "id": "f.E6F7DCFF375715F3B309CAEA11BA9AD3.d.072202E26E2E1A4927191725D33F1E1A.e.706"
}
[1739354038.622][INFO]: Waiting for pending navigations...
[1739354038.622][INFO]: Done waiting for pending navigations. Status: ok
[1739354038.625][INFO]: Waiting for pending navigations...
[1739354038.625][INFO]: Done waiting for pending navigations. Status: ok
[1739354038.625][INFO]: [ca2552411c866a9f6734b21dc2bd0ca9] RESPONSE GetElementText "9% off"
[1739354038.625][INFO]: [ca2552411c866a9f6734b21dc2bd0ca9] COMMAND GetElementText {
   "id": "f.E6F7DCFF375715F3B309CAEA11BA9AD3.d.072202E26E2E1A4927191725D33F1E1A.e.707"
}
[1739354038.625][INFO]: Waiting for pending navigations...
[1739354038.626][INFO]: Done waiting for pending navigations. Status: ok
[1739354038.628][INFO]: Waiting for pending navigations...
[1739354038.629][INFO]: Done waiting for pending navigations. Status: ok
[1739354038.629][INFO]: [ca2552411c866a9f6734b21dc2bd0ca9] RESPONSE GetElementText "10% off"
[1739354038.629][INFO]: [ca2552411c866a9f6734b21dc2bd0ca9] COMMAND GetElementText {
   "id": "f.E6F7DCFF375715F3B309CAEA11BA9AD3.d.072202E26E2E1A4927191725D33F1E1A.e.708"
}
[1739354038.629][INFO]: Waiting for pending navigations...
[1739354038.630][INFO]: Done waiting for pending navigations. Status: ok
[1739354038.632][INFO]: Waiting for pending navigations...
[1739354038.632][INFO]: Done waiting for pending navigations. Status: ok
[1739354038.632][INFO]: [ca2552411c866a9f6734b21dc2bd0ca9] RESPONSE GetElementText "10% off"
[1739354038.634][INFO]: [ca2552411c866a9f6734b21dc2bd0ca9] COMMAND Navigate {
   "url": "https://www.flipkart.com"
}
[1739354038.634][INFO]: Waiting for pending navigations...
[1739354038.634][INFO]: Done waiting for pending navigations. Status: ok
[1739354038.965][INFO]: Waiting for pending navigations...
[1739354039.390][INFO]: Done waiting for pending navigations. Status: ok
[1739354039.390][INFO]: [ca2552411c866a9f6734b21dc2bd0ca9] RESPONSE Navigate
[1739354039.397][INFO]: [ca2552411c866a9f6734b21dc2bd0ca9] COMMAND GetUrl {
}
[1739354039.397][INFO]: Waiting for pending navigations...
[1739354039.398][INFO]: Done waiting for pending navigations. Status: ok
[1739354039.399][INFO]: Waiting for pending navigations...
[1739354039.399][INFO]: Done waiting for pending navigations. Status: ok
[1739354039.399][INFO]: [ca2552411c866a9f6734b21dc2bd0ca9] RESPONSE GetUrl "https://www.flipkart.com/"
[1739354039.400][INFO]: [ca2552411c866a9f6734b21dc2bd0ca9] COMMAND FindElement {
   "using": "css selector",
   "value": "input[name='q']"
}
[1739354039.400][INFO]: Waiting for pending navigations...
[1739354039.400][INFO]: Done waiting for pending navigations. Status: ok
[1739354039.402][INFO]: Waiting for pending navigations...
[1739354039.402][INFO]: Done waiting for pending navigations. Status: ok
[1739354039.402][INFO]: [ca2552411c866a9f6734b21dc2bd0ca9] RESPONSE FindElement {
   "element-6066-11e4-a52e-4f735466cecf": "f.E6F7DCFF375715F3B309CAEA11BA9AD3.d.F6D00E1F6153B9C96B98A9BD9E3FA323.e.734"
}
[1739354039.403][INFO]: [ca2552411c866a9f6734b21dc2bd0ca9] COMMAND TypeElement {
   "id": "f.E6F7DCFF375715F3B309CAEA11BA9AD3.d.F6D00E1F6153B9C96B98A9BD9E3FA323.e.734",
   "text": "Coffee Mug",
   "value": [ "C", "o", "f", "f", "e", "e", " ", "M", "u", "g", "" ]
}
[1739354039.403][INFO]: Waiting for pending navigations...
[1739354039.404][INFO]: Done waiting for pending navigations. Status: ok
[1739354039.427][INFO]: Waiting for pending navigations...
[1739354040.389][INFO]: Done waiting for pending navigations. Status: ok
[1739354040.389][INFO]: [ca2552411c866a9f6734b21dc2bd0ca9] RESPONSE TypeElement
[1739354040.393][INFO]: [ca2552411c866a9f6734b21dc2bd0ca9] COMMAND GetUrl {
}
[1739354040.393][INFO]: Waiting for pending navigations...
[1739354040.395][INFO]: Done waiting for pending navigations. Status: ok
[1739354040.400][INFO]: Waiting for pending navigations...
[1739354040.400][INFO]: Done waiting for pending navigations. Status: ok
[1739354040.400][INFO]: [ca2552411c866a9f6734b21dc2bd0ca9] RESPONSE GetUrl "https://www.flipkart.com/search?q=Coffee%20Mug&otracker=search&otracker1=search&marketplace=FLIPKART&as-show=off&as=off"
[1739354040.402][INFO]: [ca2552411c866a9f6734b21dc2bd0ca9] COMMAND FindElements {
   "using": "xpath",
   "value": "//div[@class='XqNaEv']//following-sibling::div[contains(text(),'above')]"
}
[1739354040.402][INFO]: Waiting for pending navigations...
[1739354040.402][INFO]: Done waiting for pending navigations. Status: ok
[1739354040.409][INFO]: Waiting for pending navigations...
[1739354040.409][INFO]: Done waiting for pending navigations. Status: ok
[1739354040.409][INFO]: [ca2552411c866a9f6734b21dc2bd0ca9] RESPONSE FindElements [ {
   "element-6066-11e4-a52e-4f735466cecf": "f.E6F7DCFF375715F3B309CAEA11BA9AD3.d.80B13DD13C7903EA0728EE161477D2EE.e.835"
}, {
   "element-6066-11e4-a52e-4f735466cecf": "f.E6F7DCFF375715F3B309CAEA11BA9AD3.d.80B13DD13C7903EA0728EE161477D2EE.e.836"
}, {
   "element-6066-11e4-a52e-4f735466cecf": "f.E6F7DCFF375715F3B309CAEA11BA9AD3.d.80B13DD13C7903EA0728EE161477D2EE.e.837"
}, {
   "element-6066-11e4-a52e-4f735466cecf": "f.E6F7DCFF375715F3B309CAEA11BA9AD3.d.80B13DD13C7903EA0728EE161477D2EE.e.838"
} ]
[1739354040.411][INFO]: [ca2552411c866a9f6734b21dc2bd0ca9] COMMAND GetElementText {
   "id": "f.E6F7DCFF375715F3B309CAEA11BA9AD3.d.80B13DD13C7903EA0728EE161477D2EE.e.835"
}
[1739354040.411][INFO]: Waiting for pending navigations...
[1739354040.411][INFO]: Done waiting for pending navigations. Status: ok
[1739354040.414][INFO]: Waiting for pending navigations...
[1739354040.415][INFO]: Done waiting for pending navigations. Status: ok
[1739354040.415][INFO]: [ca2552411c866a9f6734b21dc2bd0ca9] RESPONSE GetElementText "4★ & above"
[1739354040.416][INFO]: [ca2552411c866a9f6734b21dc2bd0ca9] COMMAND ClickElement {
   "id": "f.E6F7DCFF375715F3B309CAEA11BA9AD3.d.80B13DD13C7903EA0728EE161477D2EE.e.835"
}
[1739354040.416][INFO]: Waiting for pending navigations...
[1739354040.416][INFO]: Done waiting for pending navigations. Status: ok
[1739354040.476][INFO]: Waiting for pending navigations...
[1739354040.481][INFO]: Done waiting for pending navigations. Status: ok
[1739354040.481][INFO]: [ca2552411c866a9f6734b21dc2bd0ca9] RESPONSE ClickElement
[1739354040.486][INFO]: [ca2552411c866a9f6734b21dc2bd0ca9] COMMAND GetElementText {
   "id": "f.E6F7DCFF375715F3B309CAEA11BA9AD3.d.80B13DD13C7903EA0728EE161477D2EE.e.836"
}
[1739354040.486][INFO]: Waiting for pending navigations...
[1739354040.497][INFO]: Done waiting for pending navigations. Status: ok
[1739354040.504][INFO]: Waiting for pending navigations...
[1739354040.504][INFO]: Done waiting for pending navigations. Status: ok
[1739354040.504][INFO]: [ca2552411c866a9f6734b21dc2bd0ca9] RESPONSE GetElementText "3★ & above"
[1739354040.506][INFO]: [ca2552411c866a9f6734b21dc2bd0ca9] COMMAND GetElementText {
   "id": "f.E6F7DCFF375715F3B309CAEA11BA9AD3.d.80B13DD13C7903EA0728EE161477D2EE.e.837"
}
[1739354040.506][INFO]: Waiting for pending navigations...
[1739354040.511][INFO]: Done waiting for pending navigations. Status: ok
[1739354040.535][INFO]: Waiting for pending navigations...
[1739354040.538][INFO]: Done waiting for pending navigations. Status: ok
[1739354040.538][INFO]: [ca2552411c866a9f6734b21dc2bd0ca9] RESPONSE GetElementText "2★ & above"
[1739354040.539][INFO]: [ca2552411c866a9f6734b21dc2bd0ca9] COMMAND GetElementText {
   "id": "f.E6F7DCFF375715F3B309CAEA11BA9AD3.d.80B13DD13C7903EA0728EE161477D2EE.e.838"
}
[1739354040.539][INFO]: Waiting for pending navigations...
[1739354040.539][INFO]: Done waiting for pending navigations. Status: ok
[1739354040.542][INFO]: Waiting for pending navigations...
[1739354040.542][INFO]: Done waiting for pending navigations. Status: ok
[1739354040.542][INFO]: [ca2552411c866a9f6734b21dc2bd0ca9] RESPONSE GetElementText "1★ & above"
[1739354042.551][INFO]: [ca2552411c866a9f6734b21dc2bd0ca9] COMMAND FindElements {
   "using": "xpath",
   "value": "//span[@class='Wphh3N']"
}
[1739354042.553][INFO]: Waiting for pending navigations...
[1739354042.554][INFO]: Done waiting for pending navigations. Status: ok
[1739354042.568][INFO]: Waiting for pending navigations...
[1739354042.568][INFO]: Done waiting for pending navigations. Status: ok
[1739354042.568][INFO]: [ca2552411c866a9f6734b21dc2bd0ca9] RESPONSE FindElements [ {
   "element-6066-11e4-a52e-4f735466cecf": "f.E6F7DCFF375715F3B309CAEA11BA9AD3.d.80B13DD13C7903EA0728EE161477D2EE.e.880"
}, {
   "element-6066-11e4-a52e-4f735466cecf": "f.E6F7DCFF375715F3B309CAEA11BA9AD3.d.80B13DD13C7903EA0728EE161477D2EE.e.881"
}, {
   "element-6066-11e4-a52e-4f735466cecf": "f.E6F7DCFF375715F3B309CAEA11BA9AD3.d.80B13DD13C7903EA0728EE161477D2EE.e.882"
}, {
   "element-6066-11e4-a52e-4f735466cecf": "f.E6F7DCFF375715F3B309CAEA11BA9AD3.d.80B13DD13C7903EA0728EE161477D2EE.e.883"
}, {
   "element-6066-11e4-a52e-4f735466cecf": "f.E6F7DCFF375715F3B309CAEA11BA9AD3.d.80B13DD13C7903EA0728EE161477D2EE.e.884"
}, {
   "element-6066-11e4-a52e-4f735466cecf": "f.E6F7DCFF375715F3B309CAEA11BA9AD3.d.80B13DD13C7903EA0728EE161477D2EE.e.885"
}, {
   "element-6066-11e4-a52e-4f735466cecf": "f.E6F7DCFF375715F3B309CAEA11BA9AD3.d.80B13DD13C7903EA0728EE161477D2EE.e.886"
}, {
   "element-6066-11e4-a52e-4f735466cecf": "f.E6F7DCFF375715F3B309CAEA11BA9AD3.d.80B13DD13C7903EA0728EE161477D2EE.e.887"
}, {
   "element-6066-11e4-a52e-4f735466cecf": "f.E6F7DCFF375715F3B309CAEA11BA9AD3.d.80B13DD13C7903EA0728EE161477D2EE.e.888"
}, {
   "element-6066-11e4-a52e-4f735466cecf": "f.E6F7DCFF375715F3B309CAEA11BA9AD3.d.80B13DD13C7903EA0728EE161477D2EE.e.889"
}, {
   "element-6066-11e4-a52e-4f735466cecf": "f.E6F7DCFF375715F3B309CAEA11BA9AD3.d.80B13DD13C7903EA0728EE161477D2EE.e.890"
}, {
   "element-6066-11e4-a52e-4f735466cecf": "f.E6F7DCFF375715F3B309CAEA11BA9AD3.d.80B13DD13C7903EA0728EE161477D2EE.e.891"
}, {
   "element-6066-11e4-a52e-4f735466cecf": "f.E6F7DCFF375715F3B309CAEA11BA9AD3.d.80B13DD13C7903EA0728EE161477D2EE.e.892"
}, {
   "element-6066-11e4-a52e-4f735466cecf": "f.E6F7DCFF375715F3B309CAEA11BA9AD3.d.80B13DD13C7903EA0728EE161477D2EE.e.893"
}, {
   "element-6066-11e4-a52e-4f735466cecf": "f.E6F7DCFF375715F3B309CAEA11BA9AD3.d.80B13DD13C7903EA0728EE161477D2EE.e.894"
}, {
   "element-6066-11e4-a52e-4f735466cecf": "f.E6F7DCFF375715F3B309CAEA11BA9AD3.d.80B13DD13C7903EA0728EE161477D2EE.e.895"
}, {
   "element-6066-11e4-a52e-4f735466cecf": "f.E6F7DCFF375715F3B309CAEA11BA9AD3.d.80B13DD13C7903EA0728EE161477D2EE.e.896"
}, {
   "element-6066-11e4-a52e-4f735466cecf": "f.E6F7DCFF375715F3B309CAEA11BA9AD3.d.80B13DD13C7903EA0728EE161477D2EE.e.897"
}, {
   "element-6066-11e4-a52e-4f735466cecf": "f.E6F7DCFF375715F3B309CAEA11BA9AD3.d.80B13DD13C7903EA0728EE161477D2EE.e.898"
}, "..." ]
[1739354042.571][INFO]: [ca2552411c866a9f6734b21dc2bd0ca9] COMMAND GetElementText {
   "id": "f.E6F7DCFF375715F3B309CAEA11BA9AD3.d.80B13DD13C7903EA0728EE161477D2EE.e.880"
}
[1739354042.571][INFO]: Waiting for pending navigations...
[1739354042.571][INFO]: Done waiting for pending navigations. Status: ok
[1739354042.576][INFO]: Waiting for pending navigations...
[1739354042.576][INFO]: Done waiting for pending navigations. Status: ok
[1739354042.576][INFO]: [ca2552411c866a9f6734b21dc2bd0ca9] RESPONSE GetElementText "(115)"
[1739354042.577][INFO]: [ca2552411c866a9f6734b21dc2bd0ca9] COMMAND GetElementText {
   "id": "f.E6F7DCFF375715F3B309CAEA11BA9AD3.d.80B13DD13C7903EA0728EE161477D2EE.e.881"
}
[1739354042.577][INFO]: Waiting for pending navigations...
[1739354042.578][INFO]: Done waiting for pending navigations. Status: ok
[1739354042.582][INFO]: Waiting for pending navigations...
[1739354042.583][INFO]: Done waiting for pending navigations. Status: ok
[1739354042.583][INFO]: [ca2552411c866a9f6734b21dc2bd0ca9] RESPONSE GetElementText "(100)"
[1739354042.584][INFO]: [ca2552411c866a9f6734b21dc2bd0ca9] COMMAND GetElementText {
   "id": "f.E6F7DCFF375715F3B309CAEA11BA9AD3.d.80B13DD13C7903EA0728EE161477D2EE.e.882"
}
[1739354042.584][INFO]: Waiting for pending navigations...
[1739354042.584][INFO]: Done waiting for pending navigations. Status: ok
[1739354042.588][INFO]: Waiting for pending navigations...
[1739354042.588][INFO]: Done waiting for pending navigations. Status: ok
[1739354042.588][INFO]: [ca2552411c866a9f6734b21dc2bd0ca9] RESPONSE GetElementText "(1,930)"
[1739354042.589][INFO]: [ca2552411c866a9f6734b21dc2bd0ca9] COMMAND GetElementText {
   "id": "f.E6F7DCFF375715F3B309CAEA11BA9AD3.d.80B13DD13C7903EA0728EE161477D2EE.e.883"
}
[1739354042.589][INFO]: Waiting for pending navigations...
[1739354042.589][INFO]: Done waiting for pending navigations. Status: ok
[1739354042.592][INFO]: Waiting for pending navigations...
[1739354042.592][INFO]: Done waiting for pending navigations. Status: ok
[1739354042.592][INFO]: [ca2552411c866a9f6734b21dc2bd0ca9] RESPONSE GetElementText "(8,851)"
[1739354042.593][INFO]: [ca2552411c866a9f6734b21dc2bd0ca9] COMMAND GetElementText {
   "id": "f.E6F7DCFF375715F3B309CAEA11BA9AD3.d.80B13DD13C7903EA0728EE161477D2EE.e.884"
}
[1739354042.593][INFO]: Waiting for pending navigations...
[1739354042.594][INFO]: Done waiting for pending navigations. Status: ok
[1739354042.597][INFO]: Waiting for pending navigations...
[1739354042.597][INFO]: Done waiting for pending navigations. Status: ok
[1739354042.597][INFO]: [ca2552411c866a9f6734b21dc2bd0ca9] RESPONSE GetElementText "(564)"
[1739354042.598][INFO]: [ca2552411c866a9f6734b21dc2bd0ca9] COMMAND GetElementText {
   "id": "f.E6F7DCFF375715F3B309CAEA11BA9AD3.d.80B13DD13C7903EA0728EE161477D2EE.e.885"
}
[1739354042.598][INFO]: Waiting for pending navigations...
[1739354042.598][INFO]: Done waiting for pending navigations. Status: ok
[1739354042.601][INFO]: Waiting for pending navigations...
[1739354042.601][INFO]: Done waiting for pending navigations. Status: ok
[1739354042.601][INFO]: [ca2552411c866a9f6734b21dc2bd0ca9] RESPONSE GetElementText "(151)"
[1739354042.602][INFO]: [ca2552411c866a9f6734b21dc2bd0ca9] COMMAND GetElementText {
   "id": "f.E6F7DCFF375715F3B309CAEA11BA9AD3.d.80B13DD13C7903EA0728EE161477D2EE.e.886"
}
[1739354042.602][INFO]: Waiting for pending navigations...
[1739354042.602][INFO]: Done waiting for pending navigations. Status: ok
[1739354042.605][INFO]: Waiting for pending navigations...
[1739354042.605][INFO]: Done waiting for pending navigations. Status: ok
[1739354042.605][INFO]: [ca2552411c866a9f6734b21dc2bd0ca9] RESPONSE GetElementText "(47)"
[1739354042.606][INFO]: [ca2552411c866a9f6734b21dc2bd0ca9] COMMAND GetElementText {
   "id": "f.E6F7DCFF375715F3B309CAEA11BA9AD3.d.80B13DD13C7903EA0728EE161477D2EE.e.887"
}
[1739354042.606][INFO]: Waiting for pending navigations...
[1739354042.606][INFO]: Done waiting for pending navigations. Status: ok
[1739354042.609][INFO]: Waiting for pending navigations...
[1739354042.609][INFO]: Done waiting for pending navigations. Status: ok
[1739354042.609][INFO]: [ca2552411c866a9f6734b21dc2bd0ca9] RESPONSE GetElementText "(789)"
[1739354042.610][INFO]: [ca2552411c866a9f6734b21dc2bd0ca9] COMMAND GetElementText {
   "id": "f.E6F7DCFF375715F3B309CAEA11BA9AD3.d.80B13DD13C7903EA0728EE161477D2EE.e.888"
}
[1739354042.610][INFO]: Waiting for pending navigations...
[1739354042.610][INFO]: Done waiting for pending navigations. Status: ok
[1739354042.613][INFO]: Waiting for pending navigations...
[1739354042.613][INFO]: Done waiting for pending navigations. Status: ok
[1739354042.613][INFO]: [ca2552411c866a9f6734b21dc2bd0ca9] RESPONSE GetElementText "(1,076)"
[1739354042.614][INFO]: [ca2552411c866a9f6734b21dc2bd0ca9] COMMAND GetElementText {
   "id": "f.E6F7DCFF375715F3B309CAEA11BA9AD3.d.80B13DD13C7903EA0728EE161477D2EE.e.889"
}
[1739354042.614][INFO]: Waiting for pending navigations...
[1739354042.614][INFO]: Done waiting for pending navigations. Status: ok
[1739354042.617][INFO]: Waiting for pending navigations...
[1739354042.617][INFO]: Done waiting for pending navigations. Status: ok
[1739354042.617][INFO]: [ca2552411c866a9f6734b21dc2bd0ca9] RESPONSE GetElementText "(296)"
[1739354042.618][INFO]: [ca2552411c866a9f6734b21dc2bd0ca9] COMMAND GetElementText {
   "id": "f.E6F7DCFF375715F3B309CAEA11BA9AD3.d.80B13DD13C7903EA0728EE161477D2EE.e.890"
}
[1739354042.618][INFO]: Waiting for pending navigations...
[1739354042.618][INFO]: Done waiting for pending navigations. Status: ok
[1739354042.620][INFO]: Waiting for pending navigations...
[1739354042.621][INFO]: Done waiting for pending navigations. Status: ok
[1739354042.621][INFO]: [ca2552411c866a9f6734b21dc2bd0ca9] RESPONSE GetElementText "(84)"
[1739354042.621][INFO]: [ca2552411c866a9f6734b21dc2bd0ca9] COMMAND GetElementText {
   "id": "f.E6F7DCFF375715F3B309CAEA11BA9AD3.d.80B13DD13C7903EA0728EE161477D2EE.e.891"
}
[1739354042.621][INFO]: Waiting for pending navigations...
[1739354042.621][INFO]: Done waiting for pending navigations. Status: ok
[1739354042.624][INFO]: Waiting for pending navigations...
[1739354042.624][INFO]: Done waiting for pending navigations. Status: ok
[1739354042.624][INFO]: [ca2552411c866a9f6734b21dc2bd0ca9] RESPONSE GetElementText "(223)"
[1739354042.624][INFO]: [ca2552411c866a9f6734b21dc2bd0ca9] COMMAND GetElementText {
   "id": "f.E6F7DCFF375715F3B309CAEA11BA9AD3.d.80B13DD13C7903EA0728EE161477D2EE.e.892"
}
[1739354042.624][INFO]: Waiting for pending navigations...
[1739354042.624][INFO]: Done waiting for pending navigations. Status: ok
[1739354042.627][INFO]: Waiting for pending navigations...
[1739354042.628][INFO]: Done waiting for pending navigations. Status: ok
[1739354042.628][INFO]: [ca2552411c866a9f6734b21dc2bd0ca9] RESPONSE GetElementText "(310)"
[1739354042.628][INFO]: [ca2552411c866a9f6734b21dc2bd0ca9] COMMAND GetElementText {
   "id": "f.E6F7DCFF375715F3B309CAEA11BA9AD3.d.80B13DD13C7903EA0728EE161477D2EE.e.893"
}
[1739354042.628][INFO]: Waiting for pending navigations...
[1739354042.628][INFO]: Done waiting for pending navigations. Status: ok
[1739354042.631][INFO]: Waiting for pending navigations...
[1739354042.631][INFO]: Done waiting for pending navigations. Status: ok
[1739354042.631][INFO]: [ca2552411c866a9f6734b21dc2bd0ca9] RESPONSE GetElementText "(94)"
[1739354042.631][INFO]: [ca2552411c866a9f6734b21dc2bd0ca9] COMMAND GetElementText {
   "id": "f.E6F7DCFF375715F3B309CAEA11BA9AD3.d.80B13DD13C7903EA0728EE161477D2EE.e.894"
}
[1739354042.631][INFO]: Waiting for pending navigations...
[1739354042.632][INFO]: Done waiting for pending navigations. Status: ok
[1739354042.634][INFO]: Waiting for pending navigations...
[1739354042.634][INFO]: Done waiting for pending navigations. Status: ok
[1739354042.634][INFO]: [ca2552411c866a9f6734b21dc2bd0ca9] RESPONSE GetElementText "(1,905)"
[1739354042.635][INFO]: [ca2552411c866a9f6734b21dc2bd0ca9] COMMAND GetElementText {
   "id": "f.E6F7DCFF375715F3B309CAEA11BA9AD3.d.80B13DD13C7903EA0728EE161477D2EE.e.895"
}
[1739354042.635][INFO]: Waiting for pending navigations...
[1739354042.635][INFO]: Done waiting for pending navigations. Status: ok
[1739354042.637][INFO]: Waiting for pending navigations...
[1739354042.637][INFO]: Done waiting for pending navigations. Status: ok
[1739354042.637][INFO]: [ca2552411c866a9f6734b21dc2bd0ca9] RESPONSE GetElementText "(867)"
[1739354042.638][INFO]: [ca2552411c866a9f6734b21dc2bd0ca9] COMMAND GetElementText {
   "id": "f.E6F7DCFF375715F3B309CAEA11BA9AD3.d.80B13DD13C7903EA0728EE161477D2EE.e.896"
}
[1739354042.638][INFO]: Waiting for pending navigations...
[1739354042.638][INFO]: Done waiting for pending navigations. Status: ok
[1739354042.640][INFO]: Waiting for pending navigations...
[1739354042.640][INFO]: Done waiting for pending navigations. Status: ok
[1739354042.640][INFO]: [ca2552411c866a9f6734b21dc2bd0ca9] RESPONSE GetElementText "(91)"
[1739354042.641][INFO]: [ca2552411c866a9f6734b21dc2bd0ca9] COMMAND GetElementText {
   "id": "f.E6F7DCFF375715F3B309CAEA11BA9AD3.d.80B13DD13C7903EA0728EE161477D2EE.e.897"
}
[1739354042.641][INFO]: Waiting for pending navigations...
[1739354042.641][INFO]: Done waiting for pending navigations. Status: ok
[1739354042.644][INFO]: Waiting for pending navigations...
[1739354042.644][INFO]: Done waiting for pending navigations. Status: ok
[1739354042.644][INFO]: [ca2552411c866a9f6734b21dc2bd0ca9] RESPONSE GetElementText "(91)"
[1739354042.645][INFO]: [ca2552411c866a9f6734b21dc2bd0ca9] COMMAND GetElementText {
   "id": "f.E6F7DCFF375715F3B309CAEA11BA9AD3.d.80B13DD13C7903EA0728EE161477D2EE.e.898"
}
[1739354042.645][INFO]: Waiting for pending navigations...
[1739354042.645][INFO]: Done waiting for pending navigations. Status: ok
[1739354042.648][INFO]: Waiting for pending navigations...
[1739354042.648][INFO]: Done waiting for pending navigations. Status: ok
[1739354042.648][INFO]: [ca2552411c866a9f6734b21dc2bd0ca9] RESPONSE GetElementText "(825)"
[1739354042.648][INFO]: [ca2552411c866a9f6734b21dc2bd0ca9] COMMAND GetElementText {
   "id": "f.E6F7DCFF375715F3B309CAEA11BA9AD3.d.80B13DD13C7903EA0728EE161477D2EE.e.899"
}
[1739354042.648][INFO]: Waiting for pending navigations...
[1739354042.649][INFO]: Done waiting for pending navigations. Status: ok
[1739354042.651][INFO]: Waiting for pending navigations...
[1739354042.651][INFO]: Done waiting for pending navigations. Status: ok
[1739354042.651][INFO]: [ca2552411c866a9f6734b21dc2bd0ca9] RESPONSE GetElementText "(2,640)"
[1739354042.652][INFO]: [ca2552411c866a9f6734b21dc2bd0ca9] COMMAND GetElementText {
   "id": "f.E6F7DCFF375715F3B309CAEA11BA9AD3.d.80B13DD13C7903EA0728EE161477D2EE.e.900"
}
[1739354042.652][INFO]: Waiting for pending navigations...
[1739354042.652][INFO]: Done waiting for pending navigations. Status: ok
[1739354042.654][INFO]: Waiting for pending navigations...
[1739354042.654][INFO]: Done waiting for pending navigations. Status: ok
[1739354042.654][INFO]: [ca2552411c866a9f6734b21dc2bd0ca9] RESPONSE GetElementText "(467)"
[1739354042.655][INFO]: [ca2552411c866a9f6734b21dc2bd0ca9] COMMAND GetElementText {
   "id": "f.E6F7DCFF375715F3B309CAEA11BA9AD3.d.80B13DD13C7903EA0728EE161477D2EE.e.901"
}
[1739354042.655][INFO]: Waiting for pending navigations...
[1739354042.655][INFO]: Done waiting for pending navigations. Status: ok
[1739354042.657][INFO]: Waiting for pending navigations...
[1739354042.657][INFO]: Done waiting for pending navigations. Status: ok
[1739354042.657][INFO]: [ca2552411c866a9f6734b21dc2bd0ca9] RESPONSE GetElementText "(55)"
[1739354042.658][INFO]: [ca2552411c866a9f6734b21dc2bd0ca9] COMMAND GetElementText {
   "id": "f.E6F7DCFF375715F3B309CAEA11BA9AD3.d.80B13DD13C7903EA0728EE161477D2EE.e.902"
}
[1739354042.658][INFO]: Waiting for pending navigations...
[1739354042.658][INFO]: Done waiting for pending navigations. Status: ok
[1739354042.661][INFO]: Waiting for pending navigations...
[1739354042.662][INFO]: Done waiting for pending navigations. Status: ok
[1739354042.662][INFO]: [ca2552411c866a9f6734b21dc2bd0ca9] RESPONSE GetElementText "(172)"
[1739354042.662][INFO]: [ca2552411c866a9f6734b21dc2bd0ca9] COMMAND GetElementText {
   "id": "f.E6F7DCFF375715F3B309CAEA11BA9AD3.d.80B13DD13C7903EA0728EE161477D2EE.e.903"
}
[1739354042.662][INFO]: Waiting for pending navigations...
[1739354042.663][INFO]: Done waiting for pending navigations. Status: ok
[1739354042.665][INFO]: Waiting for pending navigations...
[1739354042.665][INFO]: Done waiting for pending navigations. Status: ok
[1739354042.665][INFO]: [ca2552411c866a9f6734b21dc2bd0ca9] RESPONSE GetElementText "(7)"
[1739354042.666][INFO]: [ca2552411c866a9f6734b21dc2bd0ca9] COMMAND GetElementText {
   "id": "f.E6F7DCFF375715F3B309CAEA11BA9AD3.d.80B13DD13C7903EA0728EE161477D2EE.e.904"
}
[1739354042.666][INFO]: Waiting for pending navigations...
[1739354042.666][INFO]: Done waiting for pending navigations. Status: ok
[1739354042.668][INFO]: Waiting for pending navigations...
[1739354042.669][INFO]: Done waiting for pending navigations. Status: ok
[1739354042.669][INFO]: [ca2552411c866a9f6734b21dc2bd0ca9] RESPONSE GetElementText "(12)"
[1739354042.669][INFO]: [ca2552411c866a9f6734b21dc2bd0ca9] COMMAND GetElementText {
   "id": "f.E6F7DCFF375715F3B309CAEA11BA9AD3.d.80B13DD13C7903EA0728EE161477D2EE.e.905"
}
[1739354042.669][INFO]: Waiting for pending navigations...
[1739354042.669][INFO]: Done waiting for pending navigations. Status: ok
[1739354042.672][INFO]: Waiting for pending navigations...
[1739354042.672][INFO]: Done waiting for pending navigations. Status: ok
[1739354042.672][INFO]: [ca2552411c866a9f6734b21dc2bd0ca9] RESPONSE GetElementText "(18)"
[1739354042.672][INFO]: [ca2552411c866a9f6734b21dc2bd0ca9] COMMAND GetElementText {
   "id": "f.E6F7DCFF375715F3B309CAEA11BA9AD3.d.80B13DD13C7903EA0728EE161477D2EE.e.906"
}
[1739354042.672][INFO]: Waiting for pending navigations...
[1739354042.673][INFO]: Done waiting for pending navigations. Status: ok
[1739354042.675][INFO]: Waiting for pending navigations...
[1739354042.675][INFO]: Done waiting for pending navigations. Status: ok
[1739354042.675][INFO]: [ca2552411c866a9f6734b21dc2bd0ca9] RESPONSE GetElementText "(137)"
[1739354042.676][INFO]: [ca2552411c866a9f6734b21dc2bd0ca9] COMMAND GetElementText {
   "id": "f.E6F7DCFF375715F3B309CAEA11BA9AD3.d.80B13DD13C7903EA0728EE161477D2EE.e.907"
}
[1739354042.676][INFO]: Waiting for pending navigations...
[1739354042.676][INFO]: Done waiting for pending navigations. Status: ok
[1739354042.678][INFO]: Waiting for pending navigations...
[1739354042.679][INFO]: Done waiting for pending navigations. Status: ok
[1739354042.679][INFO]: [ca2552411c866a9f6734b21dc2bd0ca9] RESPONSE GetElementText "(98)"
[1739354042.679][INFO]: [ca2552411c866a9f6734b21dc2bd0ca9] COMMAND GetElementText {
   "id": "f.E6F7DCFF375715F3B309CAEA11BA9AD3.d.80B13DD13C7903EA0728EE161477D2EE.e.908"
}
[1739354042.679][INFO]: Waiting for pending navigations...
[1739354042.680][INFO]: Done waiting for pending navigations. Status: ok
[1739354042.682][INFO]: Waiting for pending navigations...
[1739354042.682][INFO]: Done waiting for pending navigations. Status: ok
[1739354042.682][INFO]: [ca2552411c866a9f6734b21dc2bd0ca9] RESPONSE GetElementText "(2,745)"
[1739354042.683][INFO]: [ca2552411c866a9f6734b21dc2bd0ca9] COMMAND GetElementText {
   "id": "f.E6F7DCFF375715F3B309CAEA11BA9AD3.d.80B13DD13C7903EA0728EE161477D2EE.e.909"
}
[1739354042.683][INFO]: Waiting for pending navigations...
[1739354042.683][INFO]: Done waiting for pending navigations. Status: ok
[1739354042.685][INFO]: Waiting for pending navigations...
[1739354042.685][INFO]: Done waiting for pending navigations. Status: ok
[1739354042.685][INFO]: [ca2552411c866a9f6734b21dc2bd0ca9] RESPONSE GetElementText "(158)"
[1739354042.686][INFO]: [ca2552411c866a9f6734b21dc2bd0ca9] COMMAND GetElementText {
   "id": "f.E6F7DCFF375715F3B309CAEA11BA9AD3.d.80B13DD13C7903EA0728EE161477D2EE.e.910"
}
[1739354042.686][INFO]: Waiting for pending navigations...
[1739354042.686][INFO]: Done waiting for pending navigations. Status: ok
[1739354042.688][INFO]: Waiting for pending navigations...
[1739354042.688][INFO]: Done waiting for pending navigations. Status: ok
[1739354042.688][INFO]: [ca2552411c866a9f6734b21dc2bd0ca9] RESPONSE GetElementText "(207)"
[1739354042.689][INFO]: [ca2552411c866a9f6734b21dc2bd0ca9] COMMAND GetElementText {
   "id": "f.E6F7DCFF375715F3B309CAEA11BA9AD3.d.80B13DD13C7903EA0728EE161477D2EE.e.911"
}
[1739354042.689][INFO]: Waiting for pending navigations...
[1739354042.689][INFO]: Done waiting for pending navigations. Status: ok
[1739354042.691][INFO]: Waiting for pending navigations...
[1739354042.692][INFO]: Done waiting for pending navigations. Status: ok
[1739354042.692][INFO]: [ca2552411c866a9f6734b21dc2bd0ca9] RESPONSE GetElementText "(8)"
[1739354042.692][INFO]: [ca2552411c866a9f6734b21dc2bd0ca9] COMMAND GetElementText {
   "id": "f.E6F7DCFF375715F3B309CAEA11BA9AD3.d.80B13DD13C7903EA0728EE161477D2EE.e.912"
}
[1739354042.692][INFO]: Waiting for pending navigations...
[1739354042.693][INFO]: Done waiting for pending navigations. Status: ok
[1739354042.695][INFO]: Waiting for pending navigations...
[1739354042.696][INFO]: Done waiting for pending navigations. Status: ok
[1739354042.696][INFO]: [ca2552411c866a9f6734b21dc2bd0ca9] RESPONSE GetElementText "(956)"
[1739354042.697][INFO]: [ca2552411c866a9f6734b21dc2bd0ca9] COMMAND GetElementText {
   "id": "f.E6F7DCFF375715F3B309CAEA11BA9AD3.d.80B13DD13C7903EA0728EE161477D2EE.e.913"
}
[1739354042.697][INFO]: Waiting for pending navigations...
[1739354042.697][INFO]: Done waiting for pending navigations. Status: ok
[1739354042.700][INFO]: Waiting for pending navigations...
[1739354042.700][INFO]: Done waiting for pending navigations. Status: ok
[1739354042.700][INFO]: [ca2552411c866a9f6734b21dc2bd0ca9] RESPONSE GetElementText "(465)"
[1739354042.700][INFO]: [ca2552411c866a9f6734b21dc2bd0ca9] COMMAND GetElementText {
   "id": "f.E6F7DCFF375715F3B309CAEA11BA9AD3.d.80B13DD13C7903EA0728EE161477D2EE.e.914"
}
[1739354042.700][INFO]: Waiting for pending navigations...
[1739354042.701][INFO]: Done waiting for pending navigations. Status: ok
[1739354042.703][INFO]: Waiting for pending navigations...
[1739354042.703][INFO]: Done waiting for pending navigations. Status: ok
[1739354042.703][INFO]: [ca2552411c866a9f6734b21dc2bd0ca9] RESPONSE GetElementText "(9)"
[1739354042.704][INFO]: [ca2552411c866a9f6734b21dc2bd0ca9] COMMAND GetElementText {
   "id": "f.E6F7DCFF375715F3B309CAEA11BA9AD3.d.80B13DD13C7903EA0728EE161477D2EE.e.915"
}
[1739354042.704][INFO]: Waiting for pending navigations...
[1739354042.704][INFO]: Done waiting for pending navigations. Status: ok
[1739354042.706][INFO]: Waiting for pending navigations...
[1739354042.707][INFO]: Done waiting for pending navigations. Status: ok
[1739354042.707][INFO]: [ca2552411c866a9f6734b21dc2bd0ca9] RESPONSE GetElementText "(209)"
[1739354042.707][INFO]: [ca2552411c866a9f6734b21dc2bd0ca9] COMMAND GetElementText {
   "id": "f.E6F7DCFF375715F3B309CAEA11BA9AD3.d.80B13DD13C7903EA0728EE161477D2EE.e.916"
}
[1739354042.707][INFO]: Waiting for pending navigations...
[1739354042.707][INFO]: Done waiting for pending navigations. Status: ok
[1739354042.709][INFO]: Waiting for pending navigations...
[1739354042.710][INFO]: Done waiting for pending navigations. Status: ok
[1739354042.710][INFO]: [ca2552411c866a9f6734b21dc2bd0ca9] RESPONSE GetElementText "(83)"
[1739354042.710][INFO]: [ca2552411c866a9f6734b21dc2bd0ca9] COMMAND GetElementText {
   "id": "f.E6F7DCFF375715F3B309CAEA11BA9AD3.d.80B13DD13C7903EA0728EE161477D2EE.e.917"
}
[1739354042.710][INFO]: Waiting for pending navigations...
[1739354042.710][INFO]: Done waiting for pending navigations. Status: ok
[1739354042.713][INFO]: Waiting for pending navigations...
[1739354042.713][INFO]: Done waiting for pending navigations. Status: ok
[1739354042.713][INFO]: [ca2552411c866a9f6734b21dc2bd0ca9] RESPONSE GetElementText "(266)"
[1739354042.714][INFO]: [ca2552411c866a9f6734b21dc2bd0ca9] COMMAND GetElementText {
   "id": "f.E6F7DCFF375715F3B309CAEA11BA9AD3.d.80B13DD13C7903EA0728EE161477D2EE.e.918"
}
[1739354042.714][INFO]: Waiting for pending navigations...
[1739354042.714][INFO]: Done waiting for pending navigations. Status: ok
[1739354042.716][INFO]: Waiting for pending navigations...
[1739354042.716][INFO]: Done waiting for pending navigations. Status: ok
[1739354042.716][INFO]: [ca2552411c866a9f6734b21dc2bd0ca9] RESPONSE GetElementText "(152)"
[1739354042.717][INFO]: [ca2552411c866a9f6734b21dc2bd0ca9] COMMAND GetElementText {
   "id": "f.E6F7DCFF375715F3B309CAEA11BA9AD3.d.80B13DD13C7903EA0728EE161477D2EE.e.919"
}
[1739354042.717][INFO]: Waiting for pending navigations...
[1739354042.717][INFO]: Done waiting for pending navigations. Status: ok
[1739354042.719][INFO]: Waiting for pending navigations...
[1739354042.720][INFO]: Done waiting for pending navigations. Status: ok
[1739354042.720][INFO]: [ca2552411c866a9f6734b21dc2bd0ca9] RESPONSE GetElementText "(169)"
[1739354042.724][INFO]: [ca2552411c866a9f6734b21dc2bd0ca9] COMMAND FindElements {
   "using": "xpath",
   "value": "//span[@class='Wphh3N']"
}
[1739354042.724][INFO]: Waiting for pending navigations...
[1739354042.724][INFO]: Done waiting for pending navigations. Status: ok
[1739354042.727][INFO]: Waiting for pending navigations...
[1739354042.727][INFO]: Done waiting for pending navigations. Status: ok
[1739354042.727][INFO]: [ca2552411c866a9f6734b21dc2bd0ca9] RESPONSE FindElements [ {
   "element-6066-11e4-a52e-4f735466cecf": "f.E6F7DCFF375715F3B309CAEA11BA9AD3.d.80B13DD13C7903EA0728EE161477D2EE.e.880"
}, {
   "element-6066-11e4-a52e-4f735466cecf": "f.E6F7DCFF375715F3B309CAEA11BA9AD3.d.80B13DD13C7903EA0728EE161477D2EE.e.881"
}, {
   "element-6066-11e4-a52e-4f735466cecf": "f.E6F7DCFF375715F3B309CAEA11BA9AD3.d.80B13DD13C7903EA0728EE161477D2EE.e.882"
}, {
   "element-6066-11e4-a52e-4f735466cecf": "f.E6F7DCFF375715F3B309CAEA11BA9AD3.d.80B13DD13C7903EA0728EE161477D2EE.e.883"
}, {
   "element-6066-11e4-a52e-4f735466cecf": "f.E6F7DCFF375715F3B309CAEA11BA9AD3.d.80B13DD13C7903EA0728EE161477D2EE.e.884"
}, {
   "element-6066-11e4-a52e-4f735466cecf": "f.E6F7DCFF375715F3B309CAEA11BA9AD3.d.80B13DD13C7903EA0728EE161477D2EE.e.885"
}, {
   "element-6066-11e4-a52e-4f735466cecf": "f.E6F7DCFF375715F3B309CAEA11BA9AD3.d.80B13DD13C7903EA0728EE161477D2EE.e.886"
}, {
   "element-6066-11e4-a52e-4f735466cecf": "f.E6F7DCFF375715F3B309CAEA11BA9AD3.d.80B13DD13C7903EA0728EE161477D2EE.e.887"
}, {
   "element-6066-11e4-a52e-4f735466cecf": "f.E6F7DCFF375715F3B309CAEA11BA9AD3.d.80B13DD13C7903EA0728EE161477D2EE.e.888"
}, {
   "element-6066-11e4-a52e-4f735466cecf": "f.E6F7DCFF375715F3B309CAEA11BA9AD3.d.80B13DD13C7903EA0728EE161477D2EE.e.889"
}, {
   "element-6066-11e4-a52e-4f735466cecf": "f.E6F7DCFF375715F3B309CAEA11BA9AD3.d.80B13DD13C7903EA0728EE161477D2EE.e.890"
}, {
   "element-6066-11e4-a52e-4f735466cecf": "f.E6F7DCFF375715F3B309CAEA11BA9AD3.d.80B13DD13C7903EA0728EE161477D2EE.e.891"
}, {
   "element-6066-11e4-a52e-4f735466cecf": "f.E6F7DCFF375715F3B309CAEA11BA9AD3.d.80B13DD13C7903EA0728EE161477D2EE.e.892"
}, {
   "element-6066-11e4-a52e-4f735466cecf": "f.E6F7DCFF375715F3B309CAEA11BA9AD3.d.80B13DD13C7903EA0728EE161477D2EE.e.893"
}, {
   "element-6066-11e4-a52e-4f735466cecf": "f.E6F7DCFF375715F3B309CAEA11BA9AD3.d.80B13DD13C7903EA0728EE161477D2EE.e.894"
}, {
   "element-6066-11e4-a52e-4f735466cecf": "f.E6F7DCFF375715F3B309CAEA11BA9AD3.d.80B13DD13C7903EA0728EE161477D2EE.e.895"
}, {
   "element-6066-11e4-a52e-4f735466cecf": "f.E6F7DCFF375715F3B309CAEA11BA9AD3.d.80B13DD13C7903EA0728EE161477D2EE.e.896"
}, {
   "element-6066-11e4-a52e-4f735466cecf": "f.E6F7DCFF375715F3B309CAEA11BA9AD3.d.80B13DD13C7903EA0728EE161477D2EE.e.897"
}, {
   "element-6066-11e4-a52e-4f735466cecf": "f.E6F7DCFF375715F3B309CAEA11BA9AD3.d.80B13DD13C7903EA0728EE161477D2EE.e.898"
}, "..." ]
[1739354042.729][INFO]: [ca2552411c866a9f6734b21dc2bd0ca9] COMMAND GetElementText {
   "id": "f.E6F7DCFF375715F3B309CAEA11BA9AD3.d.80B13DD13C7903EA0728EE161477D2EE.e.880"
}
[1739354042.729][INFO]: Waiting for pending navigations...
[1739354042.729][INFO]: Done waiting for pending navigations. Status: ok
[1739354042.731][INFO]: Waiting for pending navigations...
[1739354042.731][INFO]: Done waiting for pending navigations. Status: ok
[1739354042.731][INFO]: [ca2552411c866a9f6734b21dc2bd0ca9] RESPONSE GetElementText "(115)"
[1739354042.732][INFO]: [ca2552411c866a9f6734b21dc2bd0ca9] COMMAND GetElementText {
   "id": "f.E6F7DCFF375715F3B309CAEA11BA9AD3.d.80B13DD13C7903EA0728EE161477D2EE.e.880"
}
[1739354042.732][INFO]: Waiting for pending navigations...
[1739354042.732][INFO]: Done waiting for pending navigations. Status: ok
[1739354042.735][INFO]: Waiting for pending navigations...
[1739354042.735][INFO]: Done waiting for pending navigations. Status: ok
[1739354042.735][INFO]: [ca2552411c866a9f6734b21dc2bd0ca9] RESPONSE GetElementText "(115)"
[1739354042.735][INFO]: [ca2552411c866a9f6734b21dc2bd0ca9] COMMAND GetElementText {
   "id": "f.E6F7DCFF375715F3B309CAEA11BA9AD3.d.80B13DD13C7903EA0728EE161477D2EE.e.880"
}
[1739354042.735][INFO]: Waiting for pending navigations...
[1739354042.736][INFO]: Done waiting for pending navigations. Status: ok
[1739354042.738][INFO]: Waiting for pending navigations...
[1739354042.739][INFO]: Done waiting for pending navigations. Status: ok
[1739354042.739][INFO]: [ca2552411c866a9f6734b21dc2bd0ca9] RESPONSE GetElementText "(115)"
[1739354042.739][INFO]: [ca2552411c866a9f6734b21dc2bd0ca9] COMMAND GetElementText {
   "id": "f.E6F7DCFF375715F3B309CAEA11BA9AD3.d.80B13DD13C7903EA0728EE161477D2EE.e.880"
}
[1739354042.739][INFO]: Waiting for pending navigations...
[1739354042.739][INFO]: Done waiting for pending navigations. Status: ok
[1739354042.742][INFO]: Waiting for pending navigations...
[1739354042.742][INFO]: Done waiting for pending navigations. Status: ok
[1739354042.742][INFO]: [ca2552411c866a9f6734b21dc2bd0ca9] RESPONSE GetElementText "(115)"
[1739354042.742][INFO]: [ca2552411c866a9f6734b21dc2bd0ca9] COMMAND GetElementText {
   "id": "f.E6F7DCFF375715F3B309CAEA11BA9AD3.d.80B13DD13C7903EA0728EE161477D2EE.e.880"
}
[1739354042.742][INFO]: Waiting for pending navigations...
[1739354042.742][INFO]: Done waiting for pending navigations. Status: ok
[1739354042.745][INFO]: Waiting for pending navigations...
[1739354042.745][INFO]: Done waiting for pending navigations. Status: ok
[1739354042.745][INFO]: [ca2552411c866a9f6734b21dc2bd0ca9] RESPONSE GetElementText "(115)"
[1739354042.746][INFO]: [ca2552411c866a9f6734b21dc2bd0ca9] COMMAND GetElementText {
   "id": "f.E6F7DCFF375715F3B309CAEA11BA9AD3.d.80B13DD13C7903EA0728EE161477D2EE.e.881"
}
[1739354042.746][INFO]: Waiting for pending navigations...
[1739354042.746][INFO]: Done waiting for pending navigations. Status: ok
[1739354042.748][INFO]: Waiting for pending navigations...
[1739354042.748][INFO]: Done waiting for pending navigations. Status: ok
[1739354042.748][INFO]: [ca2552411c866a9f6734b21dc2bd0ca9] RESPONSE GetElementText "(100)"
[1739354042.749][INFO]: [ca2552411c866a9f6734b21dc2bd0ca9] COMMAND GetElementText {
   "id": "f.E6F7DCFF375715F3B309CAEA11BA9AD3.d.80B13DD13C7903EA0728EE161477D2EE.e.881"
}
[1739354042.749][INFO]: Waiting for pending navigations...
[1739354042.749][INFO]: Done waiting for pending navigations. Status: ok
[1739354042.751][INFO]: Waiting for pending navigations...
[1739354042.751][INFO]: Done waiting for pending navigations. Status: ok
[1739354042.751][INFO]: [ca2552411c866a9f6734b21dc2bd0ca9] RESPONSE GetElementText "(100)"
[1739354042.751][INFO]: [ca2552411c866a9f6734b21dc2bd0ca9] COMMAND GetElementText {
   "id": "f.E6F7DCFF375715F3B309CAEA11BA9AD3.d.80B13DD13C7903EA0728EE161477D2EE.e.881"
}
[1739354042.751][INFO]: Waiting for pending navigations...
[1739354042.752][INFO]: Done waiting for pending navigations. Status: ok
[1739354042.754][INFO]: Waiting for pending navigations...
[1739354042.754][INFO]: Done waiting for pending navigations. Status: ok
[1739354042.754][INFO]: [ca2552411c866a9f6734b21dc2bd0ca9] RESPONSE GetElementText "(100)"
[1739354042.754][INFO]: [ca2552411c866a9f6734b21dc2bd0ca9] COMMAND GetElementText {
   "id": "f.E6F7DCFF375715F3B309CAEA11BA9AD3.d.80B13DD13C7903EA0728EE161477D2EE.e.881"
}
[1739354042.754][INFO]: Waiting for pending navigations...
[1739354042.754][INFO]: Done waiting for pending navigations. Status: ok
[1739354042.757][INFO]: Waiting for pending navigations...
[1739354042.757][INFO]: Done waiting for pending navigations. Status: ok
[1739354042.757][INFO]: [ca2552411c866a9f6734b21dc2bd0ca9] RESPONSE GetElementText "(100)"
[1739354042.757][INFO]: [ca2552411c866a9f6734b21dc2bd0ca9] COMMAND GetElementText {
   "id": "f.E6F7DCFF375715F3B309CAEA11BA9AD3.d.80B13DD13C7903EA0728EE161477D2EE.e.881"
}
[1739354042.757][INFO]: Waiting for pending navigations...
[1739354042.757][INFO]: Done waiting for pending navigations. Status: ok
[1739354042.760][INFO]: Waiting for pending navigations...
[1739354042.760][INFO]: Done waiting for pending navigations. Status: ok
[1739354042.760][INFO]: [ca2552411c866a9f6734b21dc2bd0ca9] RESPONSE GetElementText "(100)"
[1739354042.761][INFO]: [ca2552411c866a9f6734b21dc2bd0ca9] COMMAND GetElementText {
   "id": "f.E6F7DCFF375715F3B309CAEA11BA9AD3.d.80B13DD13C7903EA0728EE161477D2EE.e.882"
}
[1739354042.761][INFO]: Waiting for pending navigations...
[1739354042.761][INFO]: Done waiting for pending navigations. Status: ok
[1739354042.764][INFO]: Waiting for pending navigations...
[1739354042.764][INFO]: Done waiting for pending navigations. Status: ok
[1739354042.764][INFO]: [ca2552411c866a9f6734b21dc2bd0ca9] RESPONSE GetElementText "(1,930)"
[1739354042.765][INFO]: [ca2552411c866a9f6734b21dc2bd0ca9] COMMAND GetElementText {
   "id": "f.E6F7DCFF375715F3B309CAEA11BA9AD3.d.80B13DD13C7903EA0728EE161477D2EE.e.882"
}
[1739354042.765][INFO]: Waiting for pending navigations...
[1739354042.765][INFO]: Done waiting for pending navigations. Status: ok
[1739354042.767][INFO]: Waiting for pending navigations...
[1739354042.767][INFO]: Done waiting for pending navigations. Status: ok
[1739354042.767][INFO]: [ca2552411c866a9f6734b21dc2bd0ca9] RESPONSE GetElementText "(1,930)"
[1739354042.768][INFO]: [ca2552411c866a9f6734b21dc2bd0ca9] COMMAND GetElementText {
   "id": "f.E6F7DCFF375715F3B309CAEA11BA9AD3.d.80B13DD13C7903EA0728EE161477D2EE.e.882"
}
[1739354042.768][INFO]: Waiting for pending navigations...
[1739354042.768][INFO]: Done waiting for pending navigations. Status: ok
[1739354042.770][INFO]: Waiting for pending navigations...
[1739354042.770][INFO]: Done waiting for pending navigations. Status: ok
[1739354042.770][INFO]: [ca2552411c866a9f6734b21dc2bd0ca9] RESPONSE GetElementText "(1,930)"
[1739354042.771][INFO]: [ca2552411c866a9f6734b21dc2bd0ca9] COMMAND GetElementText {
   "id": "f.E6F7DCFF375715F3B309CAEA11BA9AD3.d.80B13DD13C7903EA0728EE161477D2EE.e.882"
}
[1739354042.771][INFO]: Waiting for pending navigations...
[1739354042.771][INFO]: Done waiting for pending navigations. Status: ok
[1739354042.773][INFO]: Waiting for pending navigations...
[1739354042.774][INFO]: Done waiting for pending navigations. Status: ok
[1739354042.774][INFO]: [ca2552411c866a9f6734b21dc2bd0ca9] RESPONSE GetElementText "(1,930)"
[1739354042.775][INFO]: [ca2552411c866a9f6734b21dc2bd0ca9] COMMAND FindChildElement {
   "id": "f.E6F7DCFF375715F3B309CAEA11BA9AD3.d.80B13DD13C7903EA0728EE161477D2EE.e.882",
   "using": "xpath",
   "value": ".//parent::div//preceding-sibling::a[@class='wjcEIp']"
}
[1739354042.775][INFO]: Waiting for pending navigations...
[1739354042.775][INFO]: Done waiting for pending navigations. Status: ok
[1739354042.779][INFO]: Waiting for pending navigations...
[1739354042.780][INFO]: Done waiting for pending navigations. Status: ok
[1739354042.780][INFO]: [ca2552411c866a9f6734b21dc2bd0ca9] RESPONSE FindChildElement {
   "element-6066-11e4-a52e-4f735466cecf": "f.E6F7DCFF375715F3B309CAEA11BA9AD3.d.80B13DD13C7903EA0728EE161477D2EE.e.920"
}
[1739354042.780][INFO]: [ca2552411c866a9f6734b21dc2bd0ca9] COMMAND GetElementText {
   "id": "f.E6F7DCFF375715F3B309CAEA11BA9AD3.d.80B13DD13C7903EA0728EE161477D2EE.e.920"
}
[1739354042.780][INFO]: Waiting for pending navigations...
[1739354042.781][INFO]: Done waiting for pending navigations. Status: ok
[1739354042.783][INFO]: Waiting for pending navigations...
[1739354042.783][INFO]: Done waiting for pending navigations. Status: ok
[1739354042.783][INFO]: [ca2552411c866a9f6734b21dc2bd0ca9] RESPONSE GetElementText "OFFYX Stainless Steel Tea Cup Stainless Steel Coffee wi..."
[1739354042.784][INFO]: [ca2552411c866a9f6734b21dc2bd0ca9] COMMAND FindChildElement {
   "id": "f.E6F7DCFF375715F3B309CAEA11BA9AD3.d.80B13DD13C7903EA0728EE161477D2EE.e.882",
   "using": "xpath",
   "value": "(.//parent::div//preceding-sibling::a[@target='_blank'])[1]"
}
[1739354042.784][INFO]: Waiting for pending navigations...
[1739354042.784][INFO]: Done waiting for pending navigations. Status: ok
[1739354042.788][INFO]: Waiting for pending navigations...
[1739354042.788][INFO]: Done waiting for pending navigations. Status: ok
[1739354042.788][INFO]: [ca2552411c866a9f6734b21dc2bd0ca9] RESPONSE FindChildElement {
   "element-6066-11e4-a52e-4f735466cecf": "f.E6F7DCFF375715F3B309CAEA11BA9AD3.d.80B13DD13C7903EA0728EE161477D2EE.e.921"
}
[1739354042.794][INFO]: [ca2552411c866a9f6734b21dc2bd0ca9] COMMAND ExecuteScript {
   "args": [ {
      "element-6066-11e4-a52e-4f735466cecf": "f.E6F7DCFF375715F3B309CAEA11BA9AD3.d.80B13DD13C7903EA0728EE161477D2EE.e.921"
   }, "href" ],
   "script": "/* getAttribute */return (function(){return (function(){var d=this||self;function f(a,b){function c(){}c.prototype=b.prototype;a.prototype=new c;a.prototype.constructor=a};var h=Array.prototype.indexOf?function(a,b){return Array.prototype.indexOf.call(a,b,void 0)}:function(a,b){if(\"string\"===typeof a)return\"string\"!==typeof b||1!=b.length?-1:a.indexOf(b,0);for(var c=0;c\u003Ca.length;c++)if(c in a&&a[c]===b)return c;return-1},k=Array.prototype.forEach?function(a,b){Array.prototype.forEach.call(a,b,void 0)}:function(a,b){for(var c=a.length,e=\"string\"===typeof a?a.split(\"\"):a,g=0;g\u003Cc;g++)g in e&&b.call(void 0,e[g],g,a)};function l(a,b){this.code=a;this.a=m[a]||n;this.message=b||\"\";a=this.a.replace(/((?:^|\\s+)[a-z])/g,function(c){return c.toUpperCase().replace(/^[\\s\\xa0]+/g,\"\")});b=a.length-5;if(0>b||a.indexOf(\"Error\",b)!=b)a+=\"Error\";this.name=a;a=Error(this.message);a.name=this.name;this.stack=a.stack||\"\"}f(l,Error);var n=\"unknown error\",m={15:\"element not selectable\",11:\"element not visible\"};m[31]=n;m[30]=n;m[24]=\"invalid cookie domain\";m[29]=\"invalid element coordinates\";m[12]=\"invalid element state\";m[32]=\"invalid selector\";\nm[51]=\"invalid selector\";m[52]=\"invalid selector\";m[17]=\"javascript error\";m[405]=\"unsupported operation\";m[34]=\"move target out of bounds\";m[27]=\"no such alert\";m[7]=\"no such element\";m[8]=\"no such frame\";m[23]=\"no such window\";m[28]=\"script timeout\";m[33]=\"session not created\";m[10]=\"stale element reference\";m[21]=\"timeout\";m[25]=\"unable to set cookie\";m[26]=\"unexpected alert open\";m[13]=n;m[9]=\"unknown command\";var p;a:{var q=d.navigator;if(q){var r=q.userAgent;if(r){p=r;break a}}p=\"\"}function t(a){return-1!=p.indexOf(a)};function u(){return t(\"Firefox\")||t(\"FxiOS\")}function v(){return(t(\"Chrome\")||t(\"CriOS\"))&&!t(\"Edge\")};function w(){return t(\"iPhone\")&&!t(\"iPod\")&&!t(\"iPad\")};var y=t(\"Opera\"),z=t(\"Trident\")||t(\"MSIE\"),A=t(\"Edge\"),B=t(\"Gecko\")&&!(-1!=p.toLowerCase().indexOf(\"webkit\")&&!t(\"Edge\"))&&!(t(\"Trident\")||t(\"MSIE\"))&&!t(\"Edge\"),C=-1!=p.toLowerCase().indexOf(\"webkit\")&&!t(\"Edge\");function D(){var a=d.document;return a?a.documentMode:void 0}var E;\na:{var F=\"\",G=function(){var a=p;if(B)return/rv:([^\\);]+)(\\)|;)/.exec(a);if(A)return/Edge\\/([\\d\\.]+)/.exec(a);if(z)return/\\b(?:MSIE|rv)[: ]([^\\);]+)(\\)|;)/.exec(a);if(C)return/WebKit\\/(\\S+)/.exec(a);if(y)return/(?:Version)[ \\/]?(\\S+)/.exec(a)}();G&&(F=G?G[1]:\"\");if(z){var H=D();if(null!=H&&H>parseFloat(F)){E=String(H);break a}}E=F}var I;I=d.document&&z?D():void 0;var J=u(),K=w()||t(\"iPod\"),L=t(\"iPad\"),M=t(\"Android\")&&!(v()||u()||t(\"Opera\")||t(\"Silk\")),N=v(),aa=t(\"Safari\")&&!(v()||t(\"Coast\")||t(\"Opera\")||t(\"Edge\")||t(\"Edg/\")||t(\"OPR\")||u()||t(\"Silk\")||t(\"Android\"))&&!(w()||t(\"iPad\")||t(\"iPod\"));function O(a){return(a=a.exec(p))?a[1]:\"\"}(function(){if(J)return O(/Firefox\\/([0-9.]+)/);if(z||A||y)return E;if(N)return w()||t(\"iPad\")||t(\"iPod\")?O(/CriOS\\/([0-9.]+)/):O(/Chrome\\/([0-9.]+)/);if(aa&&!(w()||t(\"iPad\")||t(\"iPod\")))return O(/Version\\/([0-9.]+)/);if(K||L){var a=/Version\\/(\\S+).*Mobile\\/(\\S+)/.exec(p);if(a)return a[1]+\".\"+a[2]}else if(M)return(a=O(/Android\\s+([0-9.]+)/))?a:O(/Version\\/([0-9.]+)/);return\"\"})();var P=z&&!(8\u003C=Number(I)),ba=z&&!(9\u003C=Number(I));var ca={SCRIPT:1,STYLE:1,HEAD:1,IFRAME:1,OBJECT:1},Q={IMG:\" \",BR:\"\\n\"};function R(a,b,c){if(!(a.nodeName in ca))if(3==a.nodeType)c?b.push(String(a.nodeValue).replace(/(\\r\\n|\\r|\\n)/g,\"\")):b.push(a.nodeValue);else if(a.nodeName in Q)b.push(Q[a.nodeName]);else for(a=a.firstChild;a;)R(a,b,c),a=a.nextSibling};function S(a,b){b=b.toLowerCase();return\"style\"==b?da(a.style.cssText):P&&\"value\"==b&&T(a,\"INPUT\")?a.value:ba&&!0===a[b]?String(a.getAttribute(b)):(a=a.getAttributeNode(b))&&a.specified?a.value:null}var ea=/[;]+(?=(?:(?:[^\"]*\"){2})*[^\"]*$)(?=(?:(?:[^']*'){2})*[^']*$)(?=(?:[^()]*\\([^()]*\\))*[^()]*$)/;\nfunction da(a){var b=[];k(a.split(ea),function(c){var e=c.indexOf(\":\");0\u003Ce&&(c=[c.slice(0,e),c.slice(e+1)],2==c.length&&b.push(c[0].toLowerCase(),\":\",c[1],\";\"))});b=b.join(\"\");return b=\";\"==b.charAt(b.length-1)?b:b+\";\"}function U(a,b){P&&\"value\"==b&&T(a,\"OPTION\")&&null===S(a,\"value\")?(b=[],R(a,b,!1),a=b.join(\"\")):a=a[b];return a}function T(a,b){b&&\"string\"!==typeof b&&(b=b.toString());return!!a&&1==a.nodeType&&(!b||a.tagName.toUpperCase()==b)}\nfunction V(a){return T(a,\"OPTION\")?!0:T(a,\"INPUT\")?(a=a.type.toLowerCase(),\"checkbox\"==a||\"radio\"==a):!1};var fa={\"class\":\"className\",readonly:\"readOnly\"},ha=\"allowfullscreen allowpaymentrequest allowusermedia async autofocus autoplay checked compact complete controls declare default defaultchecked defaultselected defer disabled ended formnovalidate hidden indeterminate iscontenteditable ismap itemscope loop multiple muted nohref nomodule noresize noshade novalidate nowrap open paused playsinline pubdate readonly required reversed scoped seamless seeking selected truespeed typemustmatch willvalidate\".split(\" \");function W(a,b){var c=null,e=b.toLowerCase();if(\"style\"==e)return(c=a.style)&&\"string\"!=typeof c&&(c=c.cssText),c;if((\"selected\"==e||\"checked\"==e)&&V(a)){if(!V(a))throw new l(15,\"Element is not selectable\");b=\"selected\";c=a.type&&a.type.toLowerCase();if(\"checkbox\"==c||\"radio\"==c)b=\"checked\";return U(a,b)?\"true\":null}var g=T(a,\"A\");if(T(a,\"IMG\")&&\"src\"==e||g&&\"href\"==e)return(c=S(a,e))&&(c=U(a,e)),c;if(\"spellcheck\"==e){c=S(a,e);if(null!==c){if(\"false\"==c.toLowerCase())return\"false\";if(\"true\"==c.toLowerCase())return\"true\"}return U(a,\ne)+\"\"}g=fa[b]||b;if(0\u003C=h(ha,e))return(c=null!==S(a,b)||U(a,g))?\"true\":null;try{var x=U(a,g)}catch(ia){}(e=null==x)||(e=typeof x,e=\"object\"==e&&null!=x||\"function\"==e);e?c=S(a,b):c=x;return null!=c?c.toString():null}var X=[\"_\"],Y=d;X[0]in Y||\"undefined\"==typeof Y.execScript||Y.execScript(\"var \"+X[0]);for(var Z;X.length&&(Z=X.shift());)X.length||void 0===W?Y[Z]&&Y[Z]!==Object.prototype[Z]?Y=Y[Z]:Y=Y[Z]={}:Y[Z]=W;; return this._.apply(null,arguments);}).apply({navigator:typeof window!='undefined'?window.navigator:null,document:typeof window!='undefined'?window.document:null}, arguments);}\n).apply(null, arguments);"
}
[1739354042.794][INFO]: Waiting for pending navigations...
[1739354042.794][INFO]: Done waiting for pending navigations. Status: ok
[1739354042.796][INFO]: Waiting for pending navigations...
[1739354042.796][INFO]: Done waiting for pending navigations. Status: ok
[1739354042.796][INFO]: [ca2552411c866a9f6734b21dc2bd0ca9] RESPONSE ExecuteScript "https://www.flipkart.com/offyx-stainless-steel-tea-cup-coffee-lid-300-ml-grey-green-mug/p/itm2de2788ebb1e8?pid=MUGGE2PDZR9K8W59&lid=LSTMUGGE2PDZR9K8W59C9P8AU&marketplace=FLIPKART&q=Coffee+Mug&store..."
[1739354042.797][INFO]: [ca2552411c866a9f6734b21dc2bd0ca9] COMMAND GetElementText {
   "id": "f.E6F7DCFF375715F3B309CAEA11BA9AD3.d.80B13DD13C7903EA0728EE161477D2EE.e.882"
}
[1739354042.797][INFO]: Waiting for pending navigations...
[1739354042.797][INFO]: Done waiting for pending navigations. Status: ok
[1739354042.799][INFO]: Waiting for pending navigations...
[1739354042.800][INFO]: Done waiting for pending navigations. Status: ok
[1739354042.800][INFO]: [ca2552411c866a9f6734b21dc2bd0ca9] RESPONSE GetElementText "(1,930)"
[1739354042.800][INFO]: [ca2552411c866a9f6734b21dc2bd0ca9] COMMAND GetElementText {
   "id": "f.E6F7DCFF375715F3B309CAEA11BA9AD3.d.80B13DD13C7903EA0728EE161477D2EE.e.883"
}
[1739354042.800][INFO]: Waiting for pending navigations...
[1739354042.800][INFO]: Done waiting for pending navigations. Status: ok
[1739354042.802][INFO]: Waiting for pending navigations...
[1739354042.802][INFO]: Done waiting for pending navigations. Status: ok
[1739354042.802][INFO]: [ca2552411c866a9f6734b21dc2bd0ca9] RESPONSE GetElementText "(8,851)"
[1739354042.803][INFO]: [ca2552411c866a9f6734b21dc2bd0ca9] COMMAND FindChildElement {
   "id": "f.E6F7DCFF375715F3B309CAEA11BA9AD3.d.80B13DD13C7903EA0728EE161477D2EE.e.883",
   "using": "xpath",
   "value": ".//parent::div//preceding-sibling::a[@class='wjcEIp']"
}
[1739354042.803][INFO]: Waiting for pending navigations...
[1739354042.803][INFO]: Done waiting for pending navigations. Status: ok
[1739354042.806][INFO]: Waiting for pending navigations...
[1739354042.806][INFO]: Done waiting for pending navigations. Status: ok
[1739354042.806][INFO]: [ca2552411c866a9f6734b21dc2bd0ca9] RESPONSE FindChildElement {
   "element-6066-11e4-a52e-4f735466cecf": "f.E6F7DCFF375715F3B309CAEA11BA9AD3.d.80B13DD13C7903EA0728EE161477D2EE.e.922"
}
[1739354042.806][INFO]: [ca2552411c866a9f6734b21dc2bd0ca9] COMMAND GetElementText {
   "id": "f.E6F7DCFF375715F3B309CAEA11BA9AD3.d.80B13DD13C7903EA0728EE161477D2EE.e.922"
}
[1739354042.806][INFO]: Waiting for pending navigations...
[1739354042.807][INFO]: Done waiting for pending navigations. Status: ok
[1739354042.809][INFO]: Waiting for pending navigations...
[1739354042.809][INFO]: Done waiting for pending navigations. Status: ok
[1739354042.809][INFO]: [ca2552411c866a9f6734b21dc2bd0ca9] RESPONSE GetElementText "SPEACK Coffee Lover's 1st Preferable Choice Sipper Lid ..."
[1739354042.810][INFO]: [ca2552411c866a9f6734b21dc2bd0ca9] COMMAND FindChildElement {
   "id": "f.E6F7DCFF375715F3B309CAEA11BA9AD3.d.80B13DD13C7903EA0728EE161477D2EE.e.883",
   "using": "xpath",
   "value": "(.//parent::div//preceding-sibling::a[@target='_blank'])[1]"
}
[1739354042.810][INFO]: Waiting for pending navigations...
[1739354042.810][INFO]: Done waiting for pending navigations. Status: ok
[1739354042.813][INFO]: Waiting for pending navigations...
[1739354042.813][INFO]: Done waiting for pending navigations. Status: ok
[1739354042.813][INFO]: [ca2552411c866a9f6734b21dc2bd0ca9] RESPONSE FindChildElement {
   "element-6066-11e4-a52e-4f735466cecf": "f.E6F7DCFF375715F3B309CAEA11BA9AD3.d.80B13DD13C7903EA0728EE161477D2EE.e.923"
}
[1739354042.814][INFO]: [ca2552411c866a9f6734b21dc2bd0ca9] COMMAND ExecuteScript {
   "args": [ {
      "element-6066-11e4-a52e-4f735466cecf": "f.E6F7DCFF375715F3B309CAEA11BA9AD3.d.80B13DD13C7903EA0728EE161477D2EE.e.923"
   }, "href" ],
   "script": "/* getAttribute */return (function(){return (function(){var d=this||self;function f(a,b){function c(){}c.prototype=b.prototype;a.prototype=new c;a.prototype.constructor=a};var h=Array.prototype.indexOf?function(a,b){return Array.prototype.indexOf.call(a,b,void 0)}:function(a,b){if(\"string\"===typeof a)return\"string\"!==typeof b||1!=b.length?-1:a.indexOf(b,0);for(var c=0;c\u003Ca.length;c++)if(c in a&&a[c]===b)return c;return-1},k=Array.prototype.forEach?function(a,b){Array.prototype.forEach.call(a,b,void 0)}:function(a,b){for(var c=a.length,e=\"string\"===typeof a?a.split(\"\"):a,g=0;g\u003Cc;g++)g in e&&b.call(void 0,e[g],g,a)};function l(a,b){this.code=a;this.a=m[a]||n;this.message=b||\"\";a=this.a.replace(/((?:^|\\s+)[a-z])/g,function(c){return c.toUpperCase().replace(/^[\\s\\xa0]+/g,\"\")});b=a.length-5;if(0>b||a.indexOf(\"Error\",b)!=b)a+=\"Error\";this.name=a;a=Error(this.message);a.name=this.name;this.stack=a.stack||\"\"}f(l,Error);var n=\"unknown error\",m={15:\"element not selectable\",11:\"element not visible\"};m[31]=n;m[30]=n;m[24]=\"invalid cookie domain\";m[29]=\"invalid element coordinates\";m[12]=\"invalid element state\";m[32]=\"invalid selector\";\nm[51]=\"invalid selector\";m[52]=\"invalid selector\";m[17]=\"javascript error\";m[405]=\"unsupported operation\";m[34]=\"move target out of bounds\";m[27]=\"no such alert\";m[7]=\"no such element\";m[8]=\"no such frame\";m[23]=\"no such window\";m[28]=\"script timeout\";m[33]=\"session not created\";m[10]=\"stale element reference\";m[21]=\"timeout\";m[25]=\"unable to set cookie\";m[26]=\"unexpected alert open\";m[13]=n;m[9]=\"unknown command\";var p;a:{var q=d.navigator;if(q){var r=q.userAgent;if(r){p=r;break a}}p=\"\"}function t(a){return-1!=p.indexOf(a)};function u(){return t(\"Firefox\")||t(\"FxiOS\")}function v(){return(t(\"Chrome\")||t(\"CriOS\"))&&!t(\"Edge\")};function w(){return t(\"iPhone\")&&!t(\"iPod\")&&!t(\"iPad\")};var y=t(\"Opera\"),z=t(\"Trident\")||t(\"MSIE\"),A=t(\"Edge\"),B=t(\"Gecko\")&&!(-1!=p.toLowerCase().indexOf(\"webkit\")&&!t(\"Edge\"))&&!(t(\"Trident\")||t(\"MSIE\"))&&!t(\"Edge\"),C=-1!=p.toLowerCase().indexOf(\"webkit\")&&!t(\"Edge\");function D(){var a=d.document;return a?a.documentMode:void 0}var E;\na:{var F=\"\",G=function(){var a=p;if(B)return/rv:([^\\);]+)(\\)|;)/.exec(a);if(A)return/Edge\\/([\\d\\.]+)/.exec(a);if(z)return/\\b(?:MSIE|rv)[: ]([^\\);]+)(\\)|;)/.exec(a);if(C)return/WebKit\\/(\\S+)/.exec(a);if(y)return/(?:Version)[ \\/]?(\\S+)/.exec(a)}();G&&(F=G?G[1]:\"\");if(z){var H=D();if(null!=H&&H>parseFloat(F)){E=String(H);break a}}E=F}var I;I=d.document&&z?D():void 0;var J=u(),K=w()||t(\"iPod\"),L=t(\"iPad\"),M=t(\"Android\")&&!(v()||u()||t(\"Opera\")||t(\"Silk\")),N=v(),aa=t(\"Safari\")&&!(v()||t(\"Coast\")||t(\"Opera\")||t(\"Edge\")||t(\"Edg/\")||t(\"OPR\")||u()||t(\"Silk\")||t(\"Android\"))&&!(w()||t(\"iPad\")||t(\"iPod\"));function O(a){return(a=a.exec(p))?a[1]:\"\"}(function(){if(J)return O(/Firefox\\/([0-9.]+)/);if(z||A||y)return E;if(N)return w()||t(\"iPad\")||t(\"iPod\")?O(/CriOS\\/([0-9.]+)/):O(/Chrome\\/([0-9.]+)/);if(aa&&!(w()||t(\"iPad\")||t(\"iPod\")))return O(/Version\\/([0-9.]+)/);if(K||L){var a=/Version\\/(\\S+).*Mobile\\/(\\S+)/.exec(p);if(a)return a[1]+\".\"+a[2]}else if(M)return(a=O(/Android\\s+([0-9.]+)/))?a:O(/Version\\/([0-9.]+)/);return\"\"})();var P=z&&!(8\u003C=Number(I)),ba=z&&!(9\u003C=Number(I));var ca={SCRIPT:1,STYLE:1,HEAD:1,IFRAME:1,OBJECT:1},Q={IMG:\" \",BR:\"\\n\"};function R(a,b,c){if(!(a.nodeName in ca))if(3==a.nodeType)c?b.push(String(a.nodeValue).replace(/(\\r\\n|\\r|\\n)/g,\"\")):b.push(a.nodeValue);else if(a.nodeName in Q)b.push(Q[a.nodeName]);else for(a=a.firstChild;a;)R(a,b,c),a=a.nextSibling};function S(a,b){b=b.toLowerCase();return\"style\"==b?da(a.style.cssText):P&&\"value\"==b&&T(a,\"INPUT\")?a.value:ba&&!0===a[b]?String(a.getAttribute(b)):(a=a.getAttributeNode(b))&&a.specified?a.value:null}var ea=/[;]+(?=(?:(?:[^\"]*\"){2})*[^\"]*$)(?=(?:(?:[^']*'){2})*[^']*$)(?=(?:[^()]*\\([^()]*\\))*[^()]*$)/;\nfunction da(a){var b=[];k(a.split(ea),function(c){var e=c.indexOf(\":\");0\u003Ce&&(c=[c.slice(0,e),c.slice(e+1)],2==c.length&&b.push(c[0].toLowerCase(),\":\",c[1],\";\"))});b=b.join(\"\");return b=\";\"==b.charAt(b.length-1)?b:b+\";\"}function U(a,b){P&&\"value\"==b&&T(a,\"OPTION\")&&null===S(a,\"value\")?(b=[],R(a,b,!1),a=b.join(\"\")):a=a[b];return a}function T(a,b){b&&\"string\"!==typeof b&&(b=b.toString());return!!a&&1==a.nodeType&&(!b||a.tagName.toUpperCase()==b)}\nfunction V(a){return T(a,\"OPTION\")?!0:T(a,\"INPUT\")?(a=a.type.toLowerCase(),\"checkbox\"==a||\"radio\"==a):!1};var fa={\"class\":\"className\",readonly:\"readOnly\"},ha=\"allowfullscreen allowpaymentrequest allowusermedia async autofocus autoplay checked compact complete controls declare default defaultchecked defaultselected defer disabled ended formnovalidate hidden indeterminate iscontenteditable ismap itemscope loop multiple muted nohref nomodule noresize noshade novalidate nowrap open paused playsinline pubdate readonly required reversed scoped seamless seeking selected truespeed typemustmatch willvalidate\".split(\" \");function W(a,b){var c=null,e=b.toLowerCase();if(\"style\"==e)return(c=a.style)&&\"string\"!=typeof c&&(c=c.cssText),c;if((\"selected\"==e||\"checked\"==e)&&V(a)){if(!V(a))throw new l(15,\"Element is not selectable\");b=\"selected\";c=a.type&&a.type.toLowerCase();if(\"checkbox\"==c||\"radio\"==c)b=\"checked\";return U(a,b)?\"true\":null}var g=T(a,\"A\");if(T(a,\"IMG\")&&\"src\"==e||g&&\"href\"==e)return(c=S(a,e))&&(c=U(a,e)),c;if(\"spellcheck\"==e){c=S(a,e);if(null!==c){if(\"false\"==c.toLowerCase())return\"false\";if(\"true\"==c.toLowerCase())return\"true\"}return U(a,\ne)+\"\"}g=fa[b]||b;if(0\u003C=h(ha,e))return(c=null!==S(a,b)||U(a,g))?\"true\":null;try{var x=U(a,g)}catch(ia){}(e=null==x)||(e=typeof x,e=\"object\"==e&&null!=x||\"function\"==e);e?c=S(a,b):c=x;return null!=c?c.toString():null}var X=[\"_\"],Y=d;X[0]in Y||\"undefined\"==typeof Y.execScript||Y.execScript(\"var \"+X[0]);for(var Z;X.length&&(Z=X.shift());)X.length||void 0===W?Y[Z]&&Y[Z]!==Object.prototype[Z]?Y=Y[Z]:Y=Y[Z]={}:Y[Z]=W;; return this._.apply(null,arguments);}).apply({navigator:typeof window!='undefined'?window.navigator:null,document:typeof window!='undefined'?window.document:null}, arguments);}\n).apply(null, arguments);"
}
[1739354042.814][INFO]: Waiting for pending navigations...
[1739354042.815][INFO]: Done waiting for pending navigations. Status: ok
[1739354042.816][INFO]: Waiting for pending navigations...
[1739354042.817][INFO]: Done waiting for pending navigations. Status: ok
[1739354042.817][INFO]: [ca2552411c866a9f6734b21dc2bd0ca9] RESPONSE ExecuteScript "https://www.flipkart.com/speack-coffee-lover-s-1st-preferable-choice-sipper-lid-stainless-steel-plastic-mug/p/itmd2fe0988aac22?pid=MUGGAPFCA7NNAGKD&lid=LSTMUGGAPFCA7NNAGKDJ6XRRV&marketplace=FLIPKAR..."
[1739354042.817][INFO]: [ca2552411c866a9f6734b21dc2bd0ca9] COMMAND GetElementText {
   "id": "f.E6F7DCFF375715F3B309CAEA11BA9AD3.d.80B13DD13C7903EA0728EE161477D2EE.e.883"
}
[1739354042.817][INFO]: Waiting for pending navigations...
[1739354042.817][INFO]: Done waiting for pending navigations. Status: ok
[1739354042.820][INFO]: Waiting for pending navigations...
[1739354042.820][INFO]: Done waiting for pending navigations. Status: ok
[1739354042.820][INFO]: [ca2552411c866a9f6734b21dc2bd0ca9] RESPONSE GetElementText "(8,851)"
[1739354042.820][INFO]: [ca2552411c866a9f6734b21dc2bd0ca9] COMMAND GetElementText {
   "id": "f.E6F7DCFF375715F3B309CAEA11BA9AD3.d.80B13DD13C7903EA0728EE161477D2EE.e.883"
}
[1739354042.820][INFO]: Waiting for pending navigations...
[1739354042.821][INFO]: Done waiting for pending navigations. Status: ok
[1739354042.823][INFO]: Waiting for pending navigations...
[1739354042.823][INFO]: Done waiting for pending navigations. Status: ok
[1739354042.823][INFO]: [ca2552411c866a9f6734b21dc2bd0ca9] RESPONSE GetElementText "(8,851)"
[1739354042.824][INFO]: [ca2552411c866a9f6734b21dc2bd0ca9] COMMAND GetElementText {
   "id": "f.E6F7DCFF375715F3B309CAEA11BA9AD3.d.80B13DD13C7903EA0728EE161477D2EE.e.883"
}
[1739354042.824][INFO]: Waiting for pending navigations...
[1739354042.824][INFO]: Done waiting for pending navigations. Status: ok
[1739354042.826][INFO]: Waiting for pending navigations...
[1739354042.826][INFO]: Done waiting for pending navigations. Status: ok
[1739354042.826][INFO]: [ca2552411c866a9f6734b21dc2bd0ca9] RESPONSE GetElementText "(8,851)"
[1739354042.827][INFO]: [ca2552411c866a9f6734b21dc2bd0ca9] COMMAND GetElementText {
   "id": "f.E6F7DCFF375715F3B309CAEA11BA9AD3.d.80B13DD13C7903EA0728EE161477D2EE.e.883"
}
[1739354042.827][INFO]: Waiting for pending navigations...
[1739354042.827][INFO]: Done waiting for pending navigations. Status: ok
[1739354042.830][INFO]: Waiting for pending navigations...
[1739354042.831][INFO]: Done waiting for pending navigations. Status: ok
[1739354042.831][INFO]: [ca2552411c866a9f6734b21dc2bd0ca9] RESPONSE GetElementText "(8,851)"
[1739354042.831][INFO]: [ca2552411c866a9f6734b21dc2bd0ca9] COMMAND GetElementText {
   "id": "f.E6F7DCFF375715F3B309CAEA11BA9AD3.d.80B13DD13C7903EA0728EE161477D2EE.e.884"
}
[1739354042.831][INFO]: Waiting for pending navigations...
[1739354042.831][INFO]: Done waiting for pending navigations. Status: ok
[1739354042.834][INFO]: Waiting for pending navigations...
[1739354042.834][INFO]: Done waiting for pending navigations. Status: ok
[1739354042.834][INFO]: [ca2552411c866a9f6734b21dc2bd0ca9] RESPONSE GetElementText "(564)"
[1739354042.834][INFO]: [ca2552411c866a9f6734b21dc2bd0ca9] COMMAND GetElementText {
   "id": "f.E6F7DCFF375715F3B309CAEA11BA9AD3.d.80B13DD13C7903EA0728EE161477D2EE.e.884"
}
[1739354042.834][INFO]: Waiting for pending navigations...
[1739354042.835][INFO]: Done waiting for pending navigations. Status: ok
[1739354042.837][INFO]: Waiting for pending navigations...
[1739354042.837][INFO]: Done waiting for pending navigations. Status: ok
[1739354042.837][INFO]: [ca2552411c866a9f6734b21dc2bd0ca9] RESPONSE GetElementText "(564)"
[1739354042.837][INFO]: [ca2552411c866a9f6734b21dc2bd0ca9] COMMAND GetElementText {
   "id": "f.E6F7DCFF375715F3B309CAEA11BA9AD3.d.80B13DD13C7903EA0728EE161477D2EE.e.884"
}
[1739354042.837][INFO]: Waiting for pending navigations...
[1739354042.838][INFO]: Done waiting for pending navigations. Status: ok
[1739354042.840][INFO]: Waiting for pending navigations...
[1739354042.840][INFO]: Done waiting for pending navigations. Status: ok
[1739354042.840][INFO]: [ca2552411c866a9f6734b21dc2bd0ca9] RESPONSE GetElementText "(564)"
[1739354042.841][INFO]: [ca2552411c866a9f6734b21dc2bd0ca9] COMMAND GetElementText {
   "id": "f.E6F7DCFF375715F3B309CAEA11BA9AD3.d.80B13DD13C7903EA0728EE161477D2EE.e.884"
}
[1739354042.841][INFO]: Waiting for pending navigations...
[1739354042.841][INFO]: Done waiting for pending navigations. Status: ok
[1739354042.843][INFO]: Waiting for pending navigations...
[1739354042.843][INFO]: Done waiting for pending navigations. Status: ok
[1739354042.843][INFO]: [ca2552411c866a9f6734b21dc2bd0ca9] RESPONSE GetElementText "(564)"
[1739354042.844][INFO]: [ca2552411c866a9f6734b21dc2bd0ca9] COMMAND GetElementText {
   "id": "f.E6F7DCFF375715F3B309CAEA11BA9AD3.d.80B13DD13C7903EA0728EE161477D2EE.e.884"
}
[1739354042.844][INFO]: Waiting for pending navigations...
[1739354042.844][INFO]: Done waiting for pending navigations. Status: ok
[1739354042.846][INFO]: Waiting for pending navigations...
[1739354042.846][INFO]: Done waiting for pending navigations. Status: ok
[1739354042.846][INFO]: [ca2552411c866a9f6734b21dc2bd0ca9] RESPONSE GetElementText "(564)"
[1739354042.847][INFO]: [ca2552411c866a9f6734b21dc2bd0ca9] COMMAND GetElementText {
   "id": "f.E6F7DCFF375715F3B309CAEA11BA9AD3.d.80B13DD13C7903EA0728EE161477D2EE.e.885"
}
[1739354042.847][INFO]: Waiting for pending navigations...
[1739354042.847][INFO]: Done waiting for pending navigations. Status: ok
[1739354042.849][INFO]: Waiting for pending navigations...
[1739354042.849][INFO]: Done waiting for pending navigations. Status: ok
[1739354042.849][INFO]: [ca2552411c866a9f6734b21dc2bd0ca9] RESPONSE GetElementText "(151)"
[1739354042.850][INFO]: [ca2552411c866a9f6734b21dc2bd0ca9] COMMAND GetElementText {
   "id": "f.E6F7DCFF375715F3B309CAEA11BA9AD3.d.80B13DD13C7903EA0728EE161477D2EE.e.885"
}
[1739354042.850][INFO]: Waiting for pending navigations...
[1739354042.850][INFO]: Done waiting for pending navigations. Status: ok
[1739354042.852][INFO]: Waiting for pending navigations...
[1739354042.853][INFO]: Done waiting for pending navigations. Status: ok
[1739354042.853][INFO]: [ca2552411c866a9f6734b21dc2bd0ca9] RESPONSE GetElementText "(151)"
[1739354042.853][INFO]: [ca2552411c866a9f6734b21dc2bd0ca9] COMMAND GetElementText {
   "id": "f.E6F7DCFF375715F3B309CAEA11BA9AD3.d.80B13DD13C7903EA0728EE161477D2EE.e.885"
}
[1739354042.853][INFO]: Waiting for pending navigations...
[1739354042.853][INFO]: Done waiting for pending navigations. Status: ok
[1739354042.855][INFO]: Waiting for pending navigations...
[1739354042.856][INFO]: Done waiting for pending navigations. Status: ok
[1739354042.856][INFO]: [ca2552411c866a9f6734b21dc2bd0ca9] RESPONSE GetElementText "(151)"
[1739354042.856][INFO]: [ca2552411c866a9f6734b21dc2bd0ca9] COMMAND GetElementText {
   "id": "f.E6F7DCFF375715F3B309CAEA11BA9AD3.d.80B13DD13C7903EA0728EE161477D2EE.e.885"
}
[1739354042.856][INFO]: Waiting for pending navigations...
[1739354042.856][INFO]: Done waiting for pending navigations. Status: ok
[1739354042.859][INFO]: Waiting for pending navigations...
[1739354042.859][INFO]: Done waiting for pending navigations. Status: ok
[1739354042.859][INFO]: [ca2552411c866a9f6734b21dc2bd0ca9] RESPONSE GetElementText "(151)"
[1739354042.860][INFO]: [ca2552411c866a9f6734b21dc2bd0ca9] COMMAND GetElementText {
   "id": "f.E6F7DCFF375715F3B309CAEA11BA9AD3.d.80B13DD13C7903EA0728EE161477D2EE.e.885"
}
[1739354042.860][INFO]: Waiting for pending navigations...
[1739354042.860][INFO]: Done waiting for pending navigations. Status: ok
[1739354042.863][INFO]: Waiting for pending navigations...
[1739354042.863][INFO]: Done waiting for pending navigations. Status: ok
[1739354042.863][INFO]: [ca2552411c866a9f6734b21dc2bd0ca9] RESPONSE GetElementText "(151)"
[1739354042.863][INFO]: [ca2552411c866a9f6734b21dc2bd0ca9] COMMAND GetElementText {
   "id": "f.E6F7DCFF375715F3B309CAEA11BA9AD3.d.80B13DD13C7903EA0728EE161477D2EE.e.886"
}
[1739354042.863][INFO]: Waiting for pending navigations...
[1739354042.864][INFO]: Done waiting for pending navigations. Status: ok
[1739354042.866][INFO]: Waiting for pending navigations...
[1739354042.866][INFO]: Done waiting for pending navigations. Status: ok
[1739354042.866][INFO]: [ca2552411c866a9f6734b21dc2bd0ca9] RESPONSE GetElementText "(47)"
[1739354042.867][INFO]: [ca2552411c866a9f6734b21dc2bd0ca9] COMMAND GetElementText {
   "id": "f.E6F7DCFF375715F3B309CAEA11BA9AD3.d.80B13DD13C7903EA0728EE161477D2EE.e.886"
}
[1739354042.867][INFO]: Waiting for pending navigations...
[1739354042.867][INFO]: Done waiting for pending navigations. Status: ok
[1739354042.869][INFO]: Waiting for pending navigations...
[1739354042.869][INFO]: Done waiting for pending navigations. Status: ok
[1739354042.869][INFO]: [ca2552411c866a9f6734b21dc2bd0ca9] RESPONSE GetElementText "(47)"
[1739354042.870][INFO]: [ca2552411c866a9f6734b21dc2bd0ca9] COMMAND GetElementText {
   "id": "f.E6F7DCFF375715F3B309CAEA11BA9AD3.d.80B13DD13C7903EA0728EE161477D2EE.e.886"
}
[1739354042.870][INFO]: Waiting for pending navigations...
[1739354042.870][INFO]: Done waiting for pending navigations. Status: ok
[1739354042.872][INFO]: Waiting for pending navigations...
[1739354042.873][INFO]: Done waiting for pending navigations. Status: ok
[1739354042.873][INFO]: [ca2552411c866a9f6734b21dc2bd0ca9] RESPONSE GetElementText "(47)"
[1739354042.873][INFO]: [ca2552411c866a9f6734b21dc2bd0ca9] COMMAND GetElementText {
   "id": "f.E6F7DCFF375715F3B309CAEA11BA9AD3.d.80B13DD13C7903EA0728EE161477D2EE.e.886"
}
[1739354042.873][INFO]: Waiting for pending navigations...
[1739354042.873][INFO]: Done waiting for pending navigations. Status: ok
[1739354042.875][INFO]: Waiting for pending navigations...
[1739354042.876][INFO]: Done waiting for pending navigations. Status: ok
[1739354042.876][INFO]: [ca2552411c866a9f6734b21dc2bd0ca9] RESPONSE GetElementText "(47)"
[1739354042.876][INFO]: [ca2552411c866a9f6734b21dc2bd0ca9] COMMAND GetElementText {
   "id": "f.E6F7DCFF375715F3B309CAEA11BA9AD3.d.80B13DD13C7903EA0728EE161477D2EE.e.886"
}
[1739354042.876][INFO]: Waiting for pending navigations...
[1739354042.876][INFO]: Done waiting for pending navigations. Status: ok
[1739354042.879][INFO]: Waiting for pending navigations...
[1739354042.880][INFO]: Done waiting for pending navigations. Status: ok
[1739354042.880][INFO]: [ca2552411c866a9f6734b21dc2bd0ca9] RESPONSE GetElementText "(47)"
[1739354042.880][INFO]: [ca2552411c866a9f6734b21dc2bd0ca9] COMMAND GetElementText {
   "id": "f.E6F7DCFF375715F3B309CAEA11BA9AD3.d.80B13DD13C7903EA0728EE161477D2EE.e.887"
}
[1739354042.880][INFO]: Waiting for pending navigations...
[1739354042.880][INFO]: Done waiting for pending navigations. Status: ok
[1739354042.883][INFO]: Waiting for pending navigations...
[1739354042.883][INFO]: Done waiting for pending navigations. Status: ok
[1739354042.883][INFO]: [ca2552411c866a9f6734b21dc2bd0ca9] RESPONSE GetElementText "(789)"
[1739354042.884][INFO]: [ca2552411c866a9f6734b21dc2bd0ca9] COMMAND GetElementText {
   "id": "f.E6F7DCFF375715F3B309CAEA11BA9AD3.d.80B13DD13C7903EA0728EE161477D2EE.e.887"
}
[1739354042.884][INFO]: Waiting for pending navigations...
[1739354042.884][INFO]: Done waiting for pending navigations. Status: ok
[1739354042.886][INFO]: Waiting for pending navigations...
[1739354042.886][INFO]: Done waiting for pending navigations. Status: ok
[1739354042.886][INFO]: [ca2552411c866a9f6734b21dc2bd0ca9] RESPONSE GetElementText "(789)"
[1739354042.887][INFO]: [ca2552411c866a9f6734b21dc2bd0ca9] COMMAND GetElementText {
   "id": "f.E6F7DCFF375715F3B309CAEA11BA9AD3.d.80B13DD13C7903EA0728EE161477D2EE.e.887"
}
[1739354042.887][INFO]: Waiting for pending navigations...
[1739354042.887][INFO]: Done waiting for pending navigations. Status: ok
[1739354042.889][INFO]: Waiting for pending navigations...
[1739354042.889][INFO]: Done waiting for pending navigations. Status: ok
[1739354042.889][INFO]: [ca2552411c866a9f6734b21dc2bd0ca9] RESPONSE GetElementText "(789)"
[1739354042.890][INFO]: [ca2552411c866a9f6734b21dc2bd0ca9] COMMAND GetElementText {
   "id": "f.E6F7DCFF375715F3B309CAEA11BA9AD3.d.80B13DD13C7903EA0728EE161477D2EE.e.887"
}
[1739354042.890][INFO]: Waiting for pending navigations...
[1739354042.890][INFO]: Done waiting for pending navigations. Status: ok
[1739354042.892][INFO]: Waiting for pending navigations...
[1739354042.893][INFO]: Done waiting for pending navigations. Status: ok
[1739354042.893][INFO]: [ca2552411c866a9f6734b21dc2bd0ca9] RESPONSE GetElementText "(789)"
[1739354042.893][INFO]: [ca2552411c866a9f6734b21dc2bd0ca9] COMMAND GetElementText {
   "id": "f.E6F7DCFF375715F3B309CAEA11BA9AD3.d.80B13DD13C7903EA0728EE161477D2EE.e.887"
}
[1739354042.893][INFO]: Waiting for pending navigations...
[1739354042.893][INFO]: Done waiting for pending navigations. Status: ok
[1739354042.896][INFO]: Waiting for pending navigations...
[1739354042.896][INFO]: Done waiting for pending navigations. Status: ok
[1739354042.896][INFO]: [ca2552411c866a9f6734b21dc2bd0ca9] RESPONSE GetElementText "(789)"
[1739354042.897][INFO]: [ca2552411c866a9f6734b21dc2bd0ca9] COMMAND GetElementText {
   "id": "f.E6F7DCFF375715F3B309CAEA11BA9AD3.d.80B13DD13C7903EA0728EE161477D2EE.e.888"
}
[1739354042.897][INFO]: Waiting for pending navigations...
[1739354042.897][INFO]: Done waiting for pending navigations. Status: ok
[1739354042.899][INFO]: Waiting for pending navigations...
[1739354042.900][INFO]: Done waiting for pending navigations. Status: ok
[1739354042.900][INFO]: [ca2552411c866a9f6734b21dc2bd0ca9] RESPONSE GetElementText "(1,076)"
[1739354042.900][INFO]: [ca2552411c866a9f6734b21dc2bd0ca9] COMMAND GetElementText {
   "id": "f.E6F7DCFF375715F3B309CAEA11BA9AD3.d.80B13DD13C7903EA0728EE161477D2EE.e.888"
}
[1739354042.900][INFO]: Waiting for pending navigations...
[1739354042.900][INFO]: Done waiting for pending navigations. Status: ok
[1739354042.902][INFO]: Waiting for pending navigations...
[1739354042.902][INFO]: Done waiting for pending navigations. Status: ok
[1739354042.902][INFO]: [ca2552411c866a9f6734b21dc2bd0ca9] RESPONSE GetElementText "(1,076)"
[1739354042.903][INFO]: [ca2552411c866a9f6734b21dc2bd0ca9] COMMAND GetElementText {
   "id": "f.E6F7DCFF375715F3B309CAEA11BA9AD3.d.80B13DD13C7903EA0728EE161477D2EE.e.888"
}
[1739354042.903][INFO]: Waiting for pending navigations...
[1739354042.903][INFO]: Done waiting for pending navigations. Status: ok
[1739354042.905][INFO]: Waiting for pending navigations...
[1739354042.906][INFO]: Done waiting for pending navigations. Status: ok
[1739354042.906][INFO]: [ca2552411c866a9f6734b21dc2bd0ca9] RESPONSE GetElementText "(1,076)"
[1739354042.906][INFO]: [ca2552411c866a9f6734b21dc2bd0ca9] COMMAND GetElementText {
   "id": "f.E6F7DCFF375715F3B309CAEA11BA9AD3.d.80B13DD13C7903EA0728EE161477D2EE.e.888"
}
[1739354042.906][INFO]: Waiting for pending navigations...
[1739354042.906][INFO]: Done waiting for pending navigations. Status: ok
[1739354042.909][INFO]: Waiting for pending navigations...
[1739354042.909][INFO]: Done waiting for pending navigations. Status: ok
[1739354042.909][INFO]: [ca2552411c866a9f6734b21dc2bd0ca9] RESPONSE GetElementText "(1,076)"
[1739354042.909][INFO]: [ca2552411c866a9f6734b21dc2bd0ca9] COMMAND GetElementText {
   "id": "f.E6F7DCFF375715F3B309CAEA11BA9AD3.d.80B13DD13C7903EA0728EE161477D2EE.e.888"
}
[1739354042.909][INFO]: Waiting for pending navigations...
[1739354042.910][INFO]: Done waiting for pending navigations. Status: ok
[1739354042.913][INFO]: Waiting for pending navigations...
[1739354042.913][INFO]: Done waiting for pending navigations. Status: ok
[1739354042.913][INFO]: [ca2552411c866a9f6734b21dc2bd0ca9] RESPONSE GetElementText "(1,076)"
[1739354042.913][INFO]: [ca2552411c866a9f6734b21dc2bd0ca9] COMMAND GetElementText {
   "id": "f.E6F7DCFF375715F3B309CAEA11BA9AD3.d.80B13DD13C7903EA0728EE161477D2EE.e.889"
}
[1739354042.913][INFO]: Waiting for pending navigations...
[1739354042.914][INFO]: Done waiting for pending navigations. Status: ok
[1739354042.916][INFO]: Waiting for pending navigations...
[1739354042.916][INFO]: Done waiting for pending navigations. Status: ok
[1739354042.916][INFO]: [ca2552411c866a9f6734b21dc2bd0ca9] RESPONSE GetElementText "(296)"
[1739354042.917][INFO]: [ca2552411c866a9f6734b21dc2bd0ca9] COMMAND GetElementText {
   "id": "f.E6F7DCFF375715F3B309CAEA11BA9AD3.d.80B13DD13C7903EA0728EE161477D2EE.e.889"
}
[1739354042.917][INFO]: Waiting for pending navigations...
[1739354042.917][INFO]: Done waiting for pending navigations. Status: ok
[1739354042.920][INFO]: Waiting for pending navigations...
[1739354042.920][INFO]: Done waiting for pending navigations. Status: ok
[1739354042.920][INFO]: [ca2552411c866a9f6734b21dc2bd0ca9] RESPONSE GetElementText "(296)"
[1739354042.920][INFO]: [ca2552411c866a9f6734b21dc2bd0ca9] COMMAND GetElementText {
   "id": "f.E6F7DCFF375715F3B309CAEA11BA9AD3.d.80B13DD13C7903EA0728EE161477D2EE.e.889"
}
[1739354042.920][INFO]: Waiting for pending navigations...
[1739354042.920][INFO]: Done waiting for pending navigations. Status: ok
[1739354042.923][INFO]: Waiting for pending navigations...
[1739354042.923][INFO]: Done waiting for pending navigations. Status: ok
[1739354042.923][INFO]: [ca2552411c866a9f6734b21dc2bd0ca9] RESPONSE GetElementText "(296)"
[1739354042.923][INFO]: [ca2552411c866a9f6734b21dc2bd0ca9] COMMAND GetElementText {
   "id": "f.E6F7DCFF375715F3B309CAEA11BA9AD3.d.80B13DD13C7903EA0728EE161477D2EE.e.889"
}
[1739354042.923][INFO]: Waiting for pending navigations...
[1739354042.923][INFO]: Done waiting for pending navigations. Status: ok
[1739354042.925][INFO]: Waiting for pending navigations...
[1739354042.925][INFO]: Done waiting for pending navigations. Status: ok
[1739354042.925][INFO]: [ca2552411c866a9f6734b21dc2bd0ca9] RESPONSE GetElementText "(296)"
[1739354042.926][INFO]: [ca2552411c866a9f6734b21dc2bd0ca9] COMMAND GetElementText {
   "id": "f.E6F7DCFF375715F3B309CAEA11BA9AD3.d.80B13DD13C7903EA0728EE161477D2EE.e.889"
}
[1739354042.926][INFO]: Waiting for pending navigations...
[1739354042.926][INFO]: Done waiting for pending navigations. Status: ok
[1739354042.929][INFO]: Waiting for pending navigations...
[1739354042.929][INFO]: Done waiting for pending navigations. Status: ok
[1739354042.929][INFO]: [ca2552411c866a9f6734b21dc2bd0ca9] RESPONSE GetElementText "(296)"
[1739354042.929][INFO]: [ca2552411c866a9f6734b21dc2bd0ca9] COMMAND GetElementText {
   "id": "f.E6F7DCFF375715F3B309CAEA11BA9AD3.d.80B13DD13C7903EA0728EE161477D2EE.e.890"
}
[1739354042.929][INFO]: Waiting for pending navigations...
[1739354042.929][INFO]: Done waiting for pending navigations. Status: ok
[1739354042.931][INFO]: Waiting for pending navigations...
[1739354042.931][INFO]: Done waiting for pending navigations. Status: ok
[1739354042.931][INFO]: [ca2552411c866a9f6734b21dc2bd0ca9] RESPONSE GetElementText "(84)"
[1739354042.932][INFO]: [ca2552411c866a9f6734b21dc2bd0ca9] COMMAND GetElementText {
   "id": "f.E6F7DCFF375715F3B309CAEA11BA9AD3.d.80B13DD13C7903EA0728EE161477D2EE.e.890"
}
[1739354042.932][INFO]: Waiting for pending navigations...
[1739354042.932][INFO]: Done waiting for pending navigations. Status: ok
[1739354042.934][INFO]: Waiting for pending navigations...
[1739354042.934][INFO]: Done waiting for pending navigations. Status: ok
[1739354042.934][INFO]: [ca2552411c866a9f6734b21dc2bd0ca9] RESPONSE GetElementText "(84)"
[1739354042.935][INFO]: [ca2552411c866a9f6734b21dc2bd0ca9] COMMAND GetElementText {
   "id": "f.E6F7DCFF375715F3B309CAEA11BA9AD3.d.80B13DD13C7903EA0728EE161477D2EE.e.890"
}
[1739354042.935][INFO]: Waiting for pending navigations...
[1739354042.935][INFO]: Done waiting for pending navigations. Status: ok
[1739354042.937][INFO]: Waiting for pending navigations...
[1739354042.937][INFO]: Done waiting for pending navigations. Status: ok
[1739354042.937][INFO]: [ca2552411c866a9f6734b21dc2bd0ca9] RESPONSE GetElementText "(84)"
[1739354042.938][INFO]: [ca2552411c866a9f6734b21dc2bd0ca9] COMMAND GetElementText {
   "id": "f.E6F7DCFF375715F3B309CAEA11BA9AD3.d.80B13DD13C7903EA0728EE161477D2EE.e.890"
}
[1739354042.938][INFO]: Waiting for pending navigations...
[1739354042.938][INFO]: Done waiting for pending navigations. Status: ok
[1739354042.940][INFO]: Waiting for pending navigations...
[1739354042.941][INFO]: Done waiting for pending navigations. Status: ok
[1739354042.941][INFO]: [ca2552411c866a9f6734b21dc2bd0ca9] RESPONSE GetElementText "(84)"
[1739354042.941][INFO]: [ca2552411c866a9f6734b21dc2bd0ca9] COMMAND GetElementText {
   "id": "f.E6F7DCFF375715F3B309CAEA11BA9AD3.d.80B13DD13C7903EA0728EE161477D2EE.e.890"
}
[1739354042.941][INFO]: Waiting for pending navigations...
[1739354042.941][INFO]: Done waiting for pending navigations. Status: ok
[1739354042.943][INFO]: Waiting for pending navigations...
[1739354042.944][INFO]: Done waiting for pending navigations. Status: ok
[1739354042.944][INFO]: [ca2552411c866a9f6734b21dc2bd0ca9] RESPONSE GetElementText "(84)"
[1739354042.944][INFO]: [ca2552411c866a9f6734b21dc2bd0ca9] COMMAND GetElementText {
   "id": "f.E6F7DCFF375715F3B309CAEA11BA9AD3.d.80B13DD13C7903EA0728EE161477D2EE.e.891"
}
[1739354042.944][INFO]: Waiting for pending navigations...
[1739354042.944][INFO]: Done waiting for pending navigations. Status: ok
[1739354042.947][INFO]: Waiting for pending navigations...
[1739354042.948][INFO]: Done waiting for pending navigations. Status: ok
[1739354042.948][INFO]: [ca2552411c866a9f6734b21dc2bd0ca9] RESPONSE GetElementText "(223)"
[1739354042.948][INFO]: [ca2552411c866a9f6734b21dc2bd0ca9] COMMAND GetElementText {
   "id": "f.E6F7DCFF375715F3B309CAEA11BA9AD3.d.80B13DD13C7903EA0728EE161477D2EE.e.891"
}
[1739354042.948][INFO]: Waiting for pending navigations...
[1739354042.948][INFO]: Done waiting for pending navigations. Status: ok
[1739354042.951][INFO]: Waiting for pending navigations...
[1739354042.951][INFO]: Done waiting for pending navigations. Status: ok
[1739354042.951][INFO]: [ca2552411c866a9f6734b21dc2bd0ca9] RESPONSE GetElementText "(223)"
[1739354042.951][INFO]: [ca2552411c866a9f6734b21dc2bd0ca9] COMMAND GetElementText {
   "id": "f.E6F7DCFF375715F3B309CAEA11BA9AD3.d.80B13DD13C7903EA0728EE161477D2EE.e.891"
}
[1739354042.951][INFO]: Waiting for pending navigations...
[1739354042.951][INFO]: Done waiting for pending navigations. Status: ok
[1739354042.954][INFO]: Waiting for pending navigations...
[1739354042.954][INFO]: Done waiting for pending navigations. Status: ok
[1739354042.954][INFO]: [ca2552411c866a9f6734b21dc2bd0ca9] RESPONSE GetElementText "(223)"
[1739354042.954][INFO]: [ca2552411c866a9f6734b21dc2bd0ca9] COMMAND GetElementText {
   "id": "f.E6F7DCFF375715F3B309CAEA11BA9AD3.d.80B13DD13C7903EA0728EE161477D2EE.e.891"
}
[1739354042.954][INFO]: Waiting for pending navigations...
[1739354042.954][INFO]: Done waiting for pending navigations. Status: ok
[1739354042.957][INFO]: Waiting for pending navigations...
[1739354042.957][INFO]: Done waiting for pending navigations. Status: ok
[1739354042.957][INFO]: [ca2552411c866a9f6734b21dc2bd0ca9] RESPONSE GetElementText "(223)"
[1739354042.958][INFO]: [ca2552411c866a9f6734b21dc2bd0ca9] COMMAND GetElementText {
   "id": "f.E6F7DCFF375715F3B309CAEA11BA9AD3.d.80B13DD13C7903EA0728EE161477D2EE.e.891"
}
[1739354042.958][INFO]: Waiting for pending navigations...
[1739354042.958][INFO]: Done waiting for pending navigations. Status: ok
[1739354042.960][INFO]: Waiting for pending navigations...
[1739354042.961][INFO]: Done waiting for pending navigations. Status: ok
[1739354042.961][INFO]: [ca2552411c866a9f6734b21dc2bd0ca9] RESPONSE GetElementText "(223)"
[1739354042.961][INFO]: [ca2552411c866a9f6734b21dc2bd0ca9] COMMAND GetElementText {
   "id": "f.E6F7DCFF375715F3B309CAEA11BA9AD3.d.80B13DD13C7903EA0728EE161477D2EE.e.892"
}
[1739354042.961][INFO]: Waiting for pending navigations...
[1739354042.962][INFO]: Done waiting for pending navigations. Status: ok
[1739354042.964][INFO]: Waiting for pending navigations...
[1739354042.964][INFO]: Done waiting for pending navigations. Status: ok
[1739354042.964][INFO]: [ca2552411c866a9f6734b21dc2bd0ca9] RESPONSE GetElementText "(310)"
[1739354042.965][INFO]: [ca2552411c866a9f6734b21dc2bd0ca9] COMMAND GetElementText {
   "id": "f.E6F7DCFF375715F3B309CAEA11BA9AD3.d.80B13DD13C7903EA0728EE161477D2EE.e.892"
}
[1739354042.965][INFO]: Waiting for pending navigations...
[1739354042.965][INFO]: Done waiting for pending navigations. Status: ok
[1739354042.967][INFO]: Waiting for pending navigations...
[1739354042.967][INFO]: Done waiting for pending navigations. Status: ok
[1739354042.967][INFO]: [ca2552411c866a9f6734b21dc2bd0ca9] RESPONSE GetElementText "(310)"
[1739354042.968][INFO]: [ca2552411c866a9f6734b21dc2bd0ca9] COMMAND GetElementText {
   "id": "f.E6F7DCFF375715F3B309CAEA11BA9AD3.d.80B13DD13C7903EA0728EE161477D2EE.e.892"
}
[1739354042.968][INFO]: Waiting for pending navigations...
[1739354042.968][INFO]: Done waiting for pending navigations. Status: ok
[1739354042.970][INFO]: Waiting for pending navigations...
[1739354042.971][INFO]: Done waiting for pending navigations. Status: ok
[1739354042.971][INFO]: [ca2552411c866a9f6734b21dc2bd0ca9] RESPONSE GetElementText "(310)"
[1739354042.971][INFO]: [ca2552411c866a9f6734b21dc2bd0ca9] COMMAND GetElementText {
   "id": "f.E6F7DCFF375715F3B309CAEA11BA9AD3.d.80B13DD13C7903EA0728EE161477D2EE.e.892"
}
[1739354042.971][INFO]: Waiting for pending navigations...
[1739354042.971][INFO]: Done waiting for pending navigations. Status: ok
[1739354042.974][INFO]: Waiting for pending navigations...
[1739354042.974][INFO]: Done waiting for pending navigations. Status: ok
[1739354042.974][INFO]: [ca2552411c866a9f6734b21dc2bd0ca9] RESPONSE GetElementText "(310)"
[1739354042.974][INFO]: [ca2552411c866a9f6734b21dc2bd0ca9] COMMAND GetElementText {
   "id": "f.E6F7DCFF375715F3B309CAEA11BA9AD3.d.80B13DD13C7903EA0728EE161477D2EE.e.892"
}
[1739354042.974][INFO]: Waiting for pending navigations...
[1739354042.975][INFO]: Done waiting for pending navigations. Status: ok
[1739354042.977][INFO]: Waiting for pending navigations...
[1739354042.977][INFO]: Done waiting for pending navigations. Status: ok
[1739354042.977][INFO]: [ca2552411c866a9f6734b21dc2bd0ca9] RESPONSE GetElementText "(310)"
[1739354042.978][INFO]: [ca2552411c866a9f6734b21dc2bd0ca9] COMMAND GetElementText {
   "id": "f.E6F7DCFF375715F3B309CAEA11BA9AD3.d.80B13DD13C7903EA0728EE161477D2EE.e.893"
}
[1739354042.978][INFO]: Waiting for pending navigations...
[1739354042.979][INFO]: Done waiting for pending navigations. Status: ok
[1739354042.981][INFO]: Waiting for pending navigations...
[1739354042.981][INFO]: Done waiting for pending navigations. Status: ok
[1739354042.981][INFO]: [ca2552411c866a9f6734b21dc2bd0ca9] RESPONSE GetElementText "(94)"
[1739354042.982][INFO]: [ca2552411c866a9f6734b21dc2bd0ca9] COMMAND GetElementText {
   "id": "f.E6F7DCFF375715F3B309CAEA11BA9AD3.d.80B13DD13C7903EA0728EE161477D2EE.e.893"
}
[1739354042.982][INFO]: Waiting for pending navigations...
[1739354042.982][INFO]: Done waiting for pending navigations. Status: ok
[1739354042.984][INFO]: Waiting for pending navigations...
[1739354042.984][INFO]: Done waiting for pending navigations. Status: ok
[1739354042.984][INFO]: [ca2552411c866a9f6734b21dc2bd0ca9] RESPONSE GetElementText "(94)"
[1739354042.985][INFO]: [ca2552411c866a9f6734b21dc2bd0ca9] COMMAND GetElementText {
   "id": "f.E6F7DCFF375715F3B309CAEA11BA9AD3.d.80B13DD13C7903EA0728EE161477D2EE.e.893"
}
[1739354042.985][INFO]: Waiting for pending navigations...
[1739354042.985][INFO]: Done waiting for pending navigations. Status: ok
[1739354042.987][INFO]: Waiting for pending navigations...
[1739354042.987][INFO]: Done waiting for pending navigations. Status: ok
[1739354042.987][INFO]: [ca2552411c866a9f6734b21dc2bd0ca9] RESPONSE GetElementText "(94)"
[1739354042.988][INFO]: [ca2552411c866a9f6734b21dc2bd0ca9] COMMAND GetElementText {
   "id": "f.E6F7DCFF375715F3B309CAEA11BA9AD3.d.80B13DD13C7903EA0728EE161477D2EE.e.893"
}
[1739354042.988][INFO]: Waiting for pending navigations...
[1739354042.988][INFO]: Done waiting for pending navigations. Status: ok
[1739354042.990][INFO]: Waiting for pending navigations...
[1739354042.991][INFO]: Done waiting for pending navigations. Status: ok
[1739354042.991][INFO]: [ca2552411c866a9f6734b21dc2bd0ca9] RESPONSE GetElementText "(94)"
[1739354042.991][INFO]: [ca2552411c866a9f6734b21dc2bd0ca9] COMMAND GetElementText {
   "id": "f.E6F7DCFF375715F3B309CAEA11BA9AD3.d.80B13DD13C7903EA0728EE161477D2EE.e.893"
}
[1739354042.991][INFO]: Waiting for pending navigations...
[1739354042.991][INFO]: Done waiting for pending navigations. Status: ok
[1739354042.994][INFO]: Waiting for pending navigations...
[1739354042.994][INFO]: Done waiting for pending navigations. Status: ok
[1739354042.994][INFO]: [ca2552411c866a9f6734b21dc2bd0ca9] RESPONSE GetElementText "(94)"
[1739354042.995][INFO]: [ca2552411c866a9f6734b21dc2bd0ca9] COMMAND GetElementText {
   "id": "f.E6F7DCFF375715F3B309CAEA11BA9AD3.d.80B13DD13C7903EA0728EE161477D2EE.e.894"
}
[1739354042.995][INFO]: Waiting for pending navigations...
[1739354042.995][INFO]: Done waiting for pending navigations. Status: ok
[1739354042.997][INFO]: Waiting for pending navigations...
[1739354042.998][INFO]: Done waiting for pending navigations. Status: ok
[1739354042.998][INFO]: [ca2552411c866a9f6734b21dc2bd0ca9] RESPONSE GetElementText "(1,905)"
[1739354042.998][INFO]: [ca2552411c866a9f6734b21dc2bd0ca9] COMMAND GetElementText {
   "id": "f.E6F7DCFF375715F3B309CAEA11BA9AD3.d.80B13DD13C7903EA0728EE161477D2EE.e.894"
}
[1739354042.998][INFO]: Waiting for pending navigations...
[1739354042.998][INFO]: Done waiting for pending navigations. Status: ok
[1739354043.001][INFO]: Waiting for pending navigations...
[1739354043.001][INFO]: Done waiting for pending navigations. Status: ok
[1739354043.001][INFO]: [ca2552411c866a9f6734b21dc2bd0ca9] RESPONSE GetElementText "(1,905)"
[1739354043.001][INFO]: [ca2552411c866a9f6734b21dc2bd0ca9] COMMAND GetElementText {
   "id": "f.E6F7DCFF375715F3B309CAEA11BA9AD3.d.80B13DD13C7903EA0728EE161477D2EE.e.894"
}
[1739354043.001][INFO]: Waiting for pending navigations...
[1739354043.002][INFO]: Done waiting for pending navigations. Status: ok
[1739354043.004][INFO]: Waiting for pending navigations...
[1739354043.004][INFO]: Done waiting for pending navigations. Status: ok
[1739354043.004][INFO]: [ca2552411c866a9f6734b21dc2bd0ca9] RESPONSE GetElementText "(1,905)"
[1739354043.005][INFO]: [ca2552411c866a9f6734b21dc2bd0ca9] COMMAND GetElementText {
   "id": "f.E6F7DCFF375715F3B309CAEA11BA9AD3.d.80B13DD13C7903EA0728EE161477D2EE.e.894"
}
[1739354043.005][INFO]: Waiting for pending navigations...
[1739354043.005][INFO]: Done waiting for pending navigations. Status: ok
[1739354043.007][INFO]: Waiting for pending navigations...
[1739354043.007][INFO]: Done waiting for pending navigations. Status: ok
[1739354043.007][INFO]: [ca2552411c866a9f6734b21dc2bd0ca9] RESPONSE GetElementText "(1,905)"
[1739354043.008][INFO]: [ca2552411c866a9f6734b21dc2bd0ca9] COMMAND GetElementText {
   "id": "f.E6F7DCFF375715F3B309CAEA11BA9AD3.d.80B13DD13C7903EA0728EE161477D2EE.e.894"
}
[1739354043.008][INFO]: Waiting for pending navigations...
[1739354043.008][INFO]: Done waiting for pending navigations. Status: ok
[1739354043.010][INFO]: Waiting for pending navigations...
[1739354043.010][INFO]: Done waiting for pending navigations. Status: ok
[1739354043.010][INFO]: [ca2552411c866a9f6734b21dc2bd0ca9] RESPONSE GetElementText "(1,905)"
[1739354043.011][INFO]: [ca2552411c866a9f6734b21dc2bd0ca9] COMMAND FindChildElement {
   "id": "f.E6F7DCFF375715F3B309CAEA11BA9AD3.d.80B13DD13C7903EA0728EE161477D2EE.e.894",
   "using": "xpath",
   "value": ".//parent::div//preceding-sibling::a[@class='wjcEIp']"
}
[1739354043.011][INFO]: Waiting for pending navigations...
[1739354043.012][INFO]: Done waiting for pending navigations. Status: ok
[1739354043.014][INFO]: Waiting for pending navigations...
[1739354043.014][INFO]: Done waiting for pending navigations. Status: ok
[1739354043.014][INFO]: [ca2552411c866a9f6734b21dc2bd0ca9] RESPONSE FindChildElement {
   "element-6066-11e4-a52e-4f735466cecf": "f.E6F7DCFF375715F3B309CAEA11BA9AD3.d.80B13DD13C7903EA0728EE161477D2EE.e.924"
}
[1739354043.015][INFO]: [ca2552411c866a9f6734b21dc2bd0ca9] COMMAND GetElementText {
   "id": "f.E6F7DCFF375715F3B309CAEA11BA9AD3.d.80B13DD13C7903EA0728EE161477D2EE.e.924"
}
[1739354043.015][INFO]: Waiting for pending navigations...
[1739354043.015][INFO]: Done waiting for pending navigations. Status: ok
[1739354043.017][INFO]: Waiting for pending navigations...
[1739354043.017][INFO]: Done waiting for pending navigations. Status: ok
[1739354043.017][INFO]: [ca2552411c866a9f6734b21dc2bd0ca9] RESPONSE GetElementText "Giftspedia Photo & Text Printed Cup For Birthday , Anni..."
[1739354043.018][INFO]: [ca2552411c866a9f6734b21dc2bd0ca9] COMMAND FindChildElement {
   "id": "f.E6F7DCFF375715F3B309CAEA11BA9AD3.d.80B13DD13C7903EA0728EE161477D2EE.e.894",
   "using": "xpath",
   "value": "(.//parent::div//preceding-sibling::a[@target='_blank'])[1]"
}
[1739354043.018][INFO]: Waiting for pending navigations...
[1739354043.018][INFO]: Done waiting for pending navigations. Status: ok
[1739354043.021][INFO]: Waiting for pending navigations...
[1739354043.021][INFO]: Done waiting for pending navigations. Status: ok
[1739354043.021][INFO]: [ca2552411c866a9f6734b21dc2bd0ca9] RESPONSE FindChildElement {
   "element-6066-11e4-a52e-4f735466cecf": "f.E6F7DCFF375715F3B309CAEA11BA9AD3.d.80B13DD13C7903EA0728EE161477D2EE.e.925"
}
[1739354043.022][INFO]: [ca2552411c866a9f6734b21dc2bd0ca9] COMMAND ExecuteScript {
   "args": [ {
      "element-6066-11e4-a52e-4f735466cecf": "f.E6F7DCFF375715F3B309CAEA11BA9AD3.d.80B13DD13C7903EA0728EE161477D2EE.e.925"
   }, "href" ],
   "script": "/* getAttribute */return (function(){return (function(){var d=this||self;function f(a,b){function c(){}c.prototype=b.prototype;a.prototype=new c;a.prototype.constructor=a};var h=Array.prototype.indexOf?function(a,b){return Array.prototype.indexOf.call(a,b,void 0)}:function(a,b){if(\"string\"===typeof a)return\"string\"!==typeof b||1!=b.length?-1:a.indexOf(b,0);for(var c=0;c\u003Ca.length;c++)if(c in a&&a[c]===b)return c;return-1},k=Array.prototype.forEach?function(a,b){Array.prototype.forEach.call(a,b,void 0)}:function(a,b){for(var c=a.length,e=\"string\"===typeof a?a.split(\"\"):a,g=0;g\u003Cc;g++)g in e&&b.call(void 0,e[g],g,a)};function l(a,b){this.code=a;this.a=m[a]||n;this.message=b||\"\";a=this.a.replace(/((?:^|\\s+)[a-z])/g,function(c){return c.toUpperCase().replace(/^[\\s\\xa0]+/g,\"\")});b=a.length-5;if(0>b||a.indexOf(\"Error\",b)!=b)a+=\"Error\";this.name=a;a=Error(this.message);a.name=this.name;this.stack=a.stack||\"\"}f(l,Error);var n=\"unknown error\",m={15:\"element not selectable\",11:\"element not visible\"};m[31]=n;m[30]=n;m[24]=\"invalid cookie domain\";m[29]=\"invalid element coordinates\";m[12]=\"invalid element state\";m[32]=\"invalid selector\";\nm[51]=\"invalid selector\";m[52]=\"invalid selector\";m[17]=\"javascript error\";m[405]=\"unsupported operation\";m[34]=\"move target out of bounds\";m[27]=\"no such alert\";m[7]=\"no such element\";m[8]=\"no such frame\";m[23]=\"no such window\";m[28]=\"script timeout\";m[33]=\"session not created\";m[10]=\"stale element reference\";m[21]=\"timeout\";m[25]=\"unable to set cookie\";m[26]=\"unexpected alert open\";m[13]=n;m[9]=\"unknown command\";var p;a:{var q=d.navigator;if(q){var r=q.userAgent;if(r){p=r;break a}}p=\"\"}function t(a){return-1!=p.indexOf(a)};function u(){return t(\"Firefox\")||t(\"FxiOS\")}function v(){return(t(\"Chrome\")||t(\"CriOS\"))&&!t(\"Edge\")};function w(){return t(\"iPhone\")&&!t(\"iPod\")&&!t(\"iPad\")};var y=t(\"Opera\"),z=t(\"Trident\")||t(\"MSIE\"),A=t(\"Edge\"),B=t(\"Gecko\")&&!(-1!=p.toLowerCase().indexOf(\"webkit\")&&!t(\"Edge\"))&&!(t(\"Trident\")||t(\"MSIE\"))&&!t(\"Edge\"),C=-1!=p.toLowerCase().indexOf(\"webkit\")&&!t(\"Edge\");function D(){var a=d.document;return a?a.documentMode:void 0}var E;\na:{var F=\"\",G=function(){var a=p;if(B)return/rv:([^\\);]+)(\\)|;)/.exec(a);if(A)return/Edge\\/([\\d\\.]+)/.exec(a);if(z)return/\\b(?:MSIE|rv)[: ]([^\\);]+)(\\)|;)/.exec(a);if(C)return/WebKit\\/(\\S+)/.exec(a);if(y)return/(?:Version)[ \\/]?(\\S+)/.exec(a)}();G&&(F=G?G[1]:\"\");if(z){var H=D();if(null!=H&&H>parseFloat(F)){E=String(H);break a}}E=F}var I;I=d.document&&z?D():void 0;var J=u(),K=w()||t(\"iPod\"),L=t(\"iPad\"),M=t(\"Android\")&&!(v()||u()||t(\"Opera\")||t(\"Silk\")),N=v(),aa=t(\"Safari\")&&!(v()||t(\"Coast\")||t(\"Opera\")||t(\"Edge\")||t(\"Edg/\")||t(\"OPR\")||u()||t(\"Silk\")||t(\"Android\"))&&!(w()||t(\"iPad\")||t(\"iPod\"));function O(a){return(a=a.exec(p))?a[1]:\"\"}(function(){if(J)return O(/Firefox\\/([0-9.]+)/);if(z||A||y)return E;if(N)return w()||t(\"iPad\")||t(\"iPod\")?O(/CriOS\\/([0-9.]+)/):O(/Chrome\\/([0-9.]+)/);if(aa&&!(w()||t(\"iPad\")||t(\"iPod\")))return O(/Version\\/([0-9.]+)/);if(K||L){var a=/Version\\/(\\S+).*Mobile\\/(\\S+)/.exec(p);if(a)return a[1]+\".\"+a[2]}else if(M)return(a=O(/Android\\s+([0-9.]+)/))?a:O(/Version\\/([0-9.]+)/);return\"\"})();var P=z&&!(8\u003C=Number(I)),ba=z&&!(9\u003C=Number(I));var ca={SCRIPT:1,STYLE:1,HEAD:1,IFRAME:1,OBJECT:1},Q={IMG:\" \",BR:\"\\n\"};function R(a,b,c){if(!(a.nodeName in ca))if(3==a.nodeType)c?b.push(String(a.nodeValue).replace(/(\\r\\n|\\r|\\n)/g,\"\")):b.push(a.nodeValue);else if(a.nodeName in Q)b.push(Q[a.nodeName]);else for(a=a.firstChild;a;)R(a,b,c),a=a.nextSibling};function S(a,b){b=b.toLowerCase();return\"style\"==b?da(a.style.cssText):P&&\"value\"==b&&T(a,\"INPUT\")?a.value:ba&&!0===a[b]?String(a.getAttribute(b)):(a=a.getAttributeNode(b))&&a.specified?a.value:null}var ea=/[;]+(?=(?:(?:[^\"]*\"){2})*[^\"]*$)(?=(?:(?:[^']*'){2})*[^']*$)(?=(?:[^()]*\\([^()]*\\))*[^()]*$)/;\nfunction da(a){var b=[];k(a.split(ea),function(c){var e=c.indexOf(\":\");0\u003Ce&&(c=[c.slice(0,e),c.slice(e+1)],2==c.length&&b.push(c[0].toLowerCase(),\":\",c[1],\";\"))});b=b.join(\"\");return b=\";\"==b.charAt(b.length-1)?b:b+\";\"}function U(a,b){P&&\"value\"==b&&T(a,\"OPTION\")&&null===S(a,\"value\")?(b=[],R(a,b,!1),a=b.join(\"\")):a=a[b];return a}function T(a,b){b&&\"string\"!==typeof b&&(b=b.toString());return!!a&&1==a.nodeType&&(!b||a.tagName.toUpperCase()==b)}\nfunction V(a){return T(a,\"OPTION\")?!0:T(a,\"INPUT\")?(a=a.type.toLowerCase(),\"checkbox\"==a||\"radio\"==a):!1};var fa={\"class\":\"className\",readonly:\"readOnly\"},ha=\"allowfullscreen allowpaymentrequest allowusermedia async autofocus autoplay checked compact complete controls declare default defaultchecked defaultselected defer disabled ended formnovalidate hidden indeterminate iscontenteditable ismap itemscope loop multiple muted nohref nomodule noresize noshade novalidate nowrap open paused playsinline pubdate readonly required reversed scoped seamless seeking selected truespeed typemustmatch willvalidate\".split(\" \");function W(a,b){var c=null,e=b.toLowerCase();if(\"style\"==e)return(c=a.style)&&\"string\"!=typeof c&&(c=c.cssText),c;if((\"selected\"==e||\"checked\"==e)&&V(a)){if(!V(a))throw new l(15,\"Element is not selectable\");b=\"selected\";c=a.type&&a.type.toLowerCase();if(\"checkbox\"==c||\"radio\"==c)b=\"checked\";return U(a,b)?\"true\":null}var g=T(a,\"A\");if(T(a,\"IMG\")&&\"src\"==e||g&&\"href\"==e)return(c=S(a,e))&&(c=U(a,e)),c;if(\"spellcheck\"==e){c=S(a,e);if(null!==c){if(\"false\"==c.toLowerCase())return\"false\";if(\"true\"==c.toLowerCase())return\"true\"}return U(a,\ne)+\"\"}g=fa[b]||b;if(0\u003C=h(ha,e))return(c=null!==S(a,b)||U(a,g))?\"true\":null;try{var x=U(a,g)}catch(ia){}(e=null==x)||(e=typeof x,e=\"object\"==e&&null!=x||\"function\"==e);e?c=S(a,b):c=x;return null!=c?c.toString():null}var X=[\"_\"],Y=d;X[0]in Y||\"undefined\"==typeof Y.execScript||Y.execScript(\"var \"+X[0]);for(var Z;X.length&&(Z=X.shift());)X.length||void 0===W?Y[Z]&&Y[Z]!==Object.prototype[Z]?Y=Y[Z]:Y=Y[Z]={}:Y[Z]=W;; return this._.apply(null,arguments);}).apply({navigator:typeof window!='undefined'?window.navigator:null,document:typeof window!='undefined'?window.document:null}, arguments);}\n).apply(null, arguments);"
}
[1739354043.022][INFO]: Waiting for pending navigations...
[1739354043.022][INFO]: Done waiting for pending navigations. Status: ok
[1739354043.023][INFO]: Waiting for pending navigations...
[1739354043.023][INFO]: Done waiting for pending navigations. Status: ok
[1739354043.023][INFO]: [ca2552411c866a9f6734b21dc2bd0ca9] RESPONSE ExecuteScript "https://www.flipkart.com/giftspedia-photo-text-printed-cup-birthday-anniversary-gift-white-mug-keychain-22-ceramic-coffee/p/itm9f3f740307594?pid=MUGGGSSGSG7DNBVQ&lid=LSTMUGGGSSGSG7DNBVQM8ZVYQ&marke..."
[1739354043.024][INFO]: [ca2552411c866a9f6734b21dc2bd0ca9] COMMAND GetElementText {
   "id": "f.E6F7DCFF375715F3B309CAEA11BA9AD3.d.80B13DD13C7903EA0728EE161477D2EE.e.895"
}
[1739354043.024][INFO]: Waiting for pending navigations...
[1739354043.024][INFO]: Done waiting for pending navigations. Status: ok
[1739354043.027][INFO]: Waiting for pending navigations...
[1739354043.028][INFO]: Done waiting for pending navigations. Status: ok
[1739354043.028][INFO]: [ca2552411c866a9f6734b21dc2bd0ca9] RESPONSE GetElementText "(867)"
[1739354043.028][INFO]: [ca2552411c866a9f6734b21dc2bd0ca9] COMMAND GetElementText {
   "id": "f.E6F7DCFF375715F3B309CAEA11BA9AD3.d.80B13DD13C7903EA0728EE161477D2EE.e.895"
}
[1739354043.028][INFO]: Waiting for pending navigations...
[1739354043.028][INFO]: Done waiting for pending navigations. Status: ok
[1739354043.030][INFO]: Waiting for pending navigations...
[1739354043.031][INFO]: Done waiting for pending navigations. Status: ok
[1739354043.031][INFO]: [ca2552411c866a9f6734b21dc2bd0ca9] RESPONSE GetElementText "(867)"
[1739354043.031][INFO]: [ca2552411c866a9f6734b21dc2bd0ca9] COMMAND GetElementText {
   "id": "f.E6F7DCFF375715F3B309CAEA11BA9AD3.d.80B13DD13C7903EA0728EE161477D2EE.e.895"
}
[1739354043.031][INFO]: Waiting for pending navigations...
[1739354043.031][INFO]: Done waiting for pending navigations. Status: ok
[1739354043.033][INFO]: Waiting for pending navigations...
[1739354043.033][INFO]: Done waiting for pending navigations. Status: ok
[1739354043.033][INFO]: [ca2552411c866a9f6734b21dc2bd0ca9] RESPONSE GetElementText "(867)"
[1739354043.034][INFO]: [ca2552411c866a9f6734b21dc2bd0ca9] COMMAND GetElementText {
   "id": "f.E6F7DCFF375715F3B309CAEA11BA9AD3.d.80B13DD13C7903EA0728EE161477D2EE.e.895"
}
[1739354043.034][INFO]: Waiting for pending navigations...
[1739354043.034][INFO]: Done waiting for pending navigations. Status: ok
[1739354043.036][INFO]: Waiting for pending navigations...
[1739354043.036][INFO]: Done waiting for pending navigations. Status: ok
[1739354043.036][INFO]: [ca2552411c866a9f6734b21dc2bd0ca9] RESPONSE GetElementText "(867)"
[1739354043.037][INFO]: [ca2552411c866a9f6734b21dc2bd0ca9] COMMAND GetElementText {
   "id": "f.E6F7DCFF375715F3B309CAEA11BA9AD3.d.80B13DD13C7903EA0728EE161477D2EE.e.895"
}
[1739354043.037][INFO]: Waiting for pending navigations...
[1739354043.037][INFO]: Done waiting for pending navigations. Status: ok
[1739354043.039][INFO]: Waiting for pending navigations...
[1739354043.040][INFO]: Done waiting for pending navigations. Status: ok
[1739354043.040][INFO]: [ca2552411c866a9f6734b21dc2bd0ca9] RESPONSE GetElementText "(867)"
[1739354043.040][INFO]: [ca2552411c866a9f6734b21dc2bd0ca9] COMMAND GetElementText {
   "id": "f.E6F7DCFF375715F3B309CAEA11BA9AD3.d.80B13DD13C7903EA0728EE161477D2EE.e.896"
}
[1739354043.040][INFO]: Waiting for pending navigations...
[1739354043.040][INFO]: Done waiting for pending navigations. Status: ok
[1739354043.043][INFO]: Waiting for pending navigations...
[1739354043.043][INFO]: Done waiting for pending navigations. Status: ok
[1739354043.043][INFO]: [ca2552411c866a9f6734b21dc2bd0ca9] RESPONSE GetElementText "(91)"
[1739354043.043][INFO]: [ca2552411c866a9f6734b21dc2bd0ca9] COMMAND GetElementText {
   "id": "f.E6F7DCFF375715F3B309CAEA11BA9AD3.d.80B13DD13C7903EA0728EE161477D2EE.e.896"
}
[1739354043.043][INFO]: Waiting for pending navigations...
[1739354043.043][INFO]: Done waiting for pending navigations. Status: ok
[1739354043.046][INFO]: Waiting for pending navigations...
[1739354043.046][INFO]: Done waiting for pending navigations. Status: ok
[1739354043.046][INFO]: [ca2552411c866a9f6734b21dc2bd0ca9] RESPONSE GetElementText "(91)"
[1739354043.047][INFO]: [ca2552411c866a9f6734b21dc2bd0ca9] COMMAND GetElementText {
   "id": "f.E6F7DCFF375715F3B309CAEA11BA9AD3.d.80B13DD13C7903EA0728EE161477D2EE.e.896"
}
[1739354043.047][INFO]: Waiting for pending navigations...
[1739354043.047][INFO]: Done waiting for pending navigations. Status: ok
[1739354043.049][INFO]: Waiting for pending navigations...
[1739354043.049][INFO]: Done waiting for pending navigations. Status: ok
[1739354043.049][INFO]: [ca2552411c866a9f6734b21dc2bd0ca9] RESPONSE GetElementText "(91)"
[1739354043.050][INFO]: [ca2552411c866a9f6734b21dc2bd0ca9] COMMAND GetElementText {
   "id": "f.E6F7DCFF375715F3B309CAEA11BA9AD3.d.80B13DD13C7903EA0728EE161477D2EE.e.896"
}
[1739354043.050][INFO]: Waiting for pending navigations...
[1739354043.050][INFO]: Done waiting for pending navigations. Status: ok
[1739354043.052][INFO]: Waiting for pending navigations...
[1739354043.052][INFO]: Done waiting for pending navigations. Status: ok
[1739354043.052][INFO]: [ca2552411c866a9f6734b21dc2bd0ca9] RESPONSE GetElementText "(91)"
[1739354043.053][INFO]: [ca2552411c866a9f6734b21dc2bd0ca9] COMMAND GetElementText {
   "id": "f.E6F7DCFF375715F3B309CAEA11BA9AD3.d.80B13DD13C7903EA0728EE161477D2EE.e.896"
}
[1739354043.053][INFO]: Waiting for pending navigations...
[1739354043.053][INFO]: Done waiting for pending navigations. Status: ok
[1739354043.055][INFO]: Waiting for pending navigations...
[1739354043.055][INFO]: Done waiting for pending navigations. Status: ok
[1739354043.055][INFO]: [ca2552411c866a9f6734b21dc2bd0ca9] RESPONSE GetElementText "(91)"
[1739354043.056][INFO]: [ca2552411c866a9f6734b21dc2bd0ca9] COMMAND GetElementText {
   "id": "f.E6F7DCFF375715F3B309CAEA11BA9AD3.d.80B13DD13C7903EA0728EE161477D2EE.e.897"
}
[1739354043.056][INFO]: Waiting for pending navigations...
[1739354043.056][INFO]: Done waiting for pending navigations. Status: ok
[1739354043.058][INFO]: Waiting for pending navigations...
[1739354043.058][INFO]: Done waiting for pending navigations. Status: ok
[1739354043.058][INFO]: [ca2552411c866a9f6734b21dc2bd0ca9] RESPONSE GetElementText "(91)"
[1739354043.059][INFO]: [ca2552411c866a9f6734b21dc2bd0ca9] COMMAND GetElementText {
   "id": "f.E6F7DCFF375715F3B309CAEA11BA9AD3.d.80B13DD13C7903EA0728EE161477D2EE.e.897"
}
[1739354043.059][INFO]: Waiting for pending navigations...
[1739354043.059][INFO]: Done waiting for pending navigations. Status: ok
[1739354043.062][INFO]: Waiting for pending navigations...
[1739354043.062][INFO]: Done waiting for pending navigations. Status: ok
[1739354043.062][INFO]: [ca2552411c866a9f6734b21dc2bd0ca9] RESPONSE GetElementText "(91)"
[1739354043.063][INFO]: [ca2552411c866a9f6734b21dc2bd0ca9] COMMAND GetElementText {
   "id": "f.E6F7DCFF375715F3B309CAEA11BA9AD3.d.80B13DD13C7903EA0728EE161477D2EE.e.897"
}
[1739354043.063][INFO]: Waiting for pending navigations...
[1739354043.063][INFO]: Done waiting for pending navigations. Status: ok
[1739354043.065][INFO]: Waiting for pending navigations...
[1739354043.066][INFO]: Done waiting for pending navigations. Status: ok
[1739354043.066][INFO]: [ca2552411c866a9f6734b21dc2bd0ca9] RESPONSE GetElementText "(91)"
[1739354043.066][INFO]: [ca2552411c866a9f6734b21dc2bd0ca9] COMMAND GetElementText {
   "id": "f.E6F7DCFF375715F3B309CAEA11BA9AD3.d.80B13DD13C7903EA0728EE161477D2EE.e.897"
}
[1739354043.066][INFO]: Waiting for pending navigations...
[1739354043.066][INFO]: Done waiting for pending navigations. Status: ok
[1739354043.068][INFO]: Waiting for pending navigations...
[1739354043.069][INFO]: Done waiting for pending navigations. Status: ok
[1739354043.069][INFO]: [ca2552411c866a9f6734b21dc2bd0ca9] RESPONSE GetElementText "(91)"
[1739354043.069][INFO]: [ca2552411c866a9f6734b21dc2bd0ca9] COMMAND GetElementText {
   "id": "f.E6F7DCFF375715F3B309CAEA11BA9AD3.d.80B13DD13C7903EA0728EE161477D2EE.e.897"
}
[1739354043.069][INFO]: Waiting for pending navigations...
[1739354043.069][INFO]: Done waiting for pending navigations. Status: ok
[1739354043.072][INFO]: Waiting for pending navigations...
[1739354043.075][INFO]: Done waiting for pending navigations. Status: ok
[1739354043.075][INFO]: [ca2552411c866a9f6734b21dc2bd0ca9] RESPONSE GetElementText "(91)"
[1739354043.075][INFO]: [ca2552411c866a9f6734b21dc2bd0ca9] COMMAND GetElementText {
   "id": "f.E6F7DCFF375715F3B309CAEA11BA9AD3.d.80B13DD13C7903EA0728EE161477D2EE.e.898"
}
[1739354043.075][INFO]: Waiting for pending navigations...
[1739354043.075][INFO]: Done waiting for pending navigations. Status: ok
[1739354043.078][INFO]: Waiting for pending navigations...
[1739354043.078][INFO]: Done waiting for pending navigations. Status: ok
[1739354043.078][INFO]: [ca2552411c866a9f6734b21dc2bd0ca9] RESPONSE GetElementText "(825)"
[1739354043.079][INFO]: [ca2552411c866a9f6734b21dc2bd0ca9] COMMAND GetElementText {
   "id": "f.E6F7DCFF375715F3B309CAEA11BA9AD3.d.80B13DD13C7903EA0728EE161477D2EE.e.898"
}
[1739354043.079][INFO]: Waiting for pending navigations...
[1739354043.079][INFO]: Done waiting for pending navigations. Status: ok
[1739354043.081][INFO]: Waiting for pending navigations...
[1739354043.081][INFO]: Done waiting for pending navigations. Status: ok
[1739354043.082][INFO]: [ca2552411c866a9f6734b21dc2bd0ca9] RESPONSE GetElementText "(825)"
[1739354043.082][INFO]: [ca2552411c866a9f6734b21dc2bd0ca9] COMMAND GetElementText {
   "id": "f.E6F7DCFF375715F3B309CAEA11BA9AD3.d.80B13DD13C7903EA0728EE161477D2EE.e.898"
}
[1739354043.082][INFO]: Waiting for pending navigations...
[1739354043.082][INFO]: Done waiting for pending navigations. Status: ok
[1739354043.085][INFO]: Waiting for pending navigations...
[1739354043.085][INFO]: Done waiting for pending navigations. Status: ok
[1739354043.085][INFO]: [ca2552411c866a9f6734b21dc2bd0ca9] RESPONSE GetElementText "(825)"
[1739354043.085][INFO]: [ca2552411c866a9f6734b21dc2bd0ca9] COMMAND GetElementText {
   "id": "f.E6F7DCFF375715F3B309CAEA11BA9AD3.d.80B13DD13C7903EA0728EE161477D2EE.e.898"
}
[1739354043.085][INFO]: Waiting for pending navigations...
[1739354043.085][INFO]: Done waiting for pending navigations. Status: ok
[1739354043.088][INFO]: Waiting for pending navigations...
[1739354043.088][INFO]: Done waiting for pending navigations. Status: ok
[1739354043.088][INFO]: [ca2552411c866a9f6734b21dc2bd0ca9] RESPONSE GetElementText "(825)"
[1739354043.088][INFO]: [ca2552411c866a9f6734b21dc2bd0ca9] COMMAND GetElementText {
   "id": "f.E6F7DCFF375715F3B309CAEA11BA9AD3.d.80B13DD13C7903EA0728EE161477D2EE.e.898"
}
[1739354043.088][INFO]: Waiting for pending navigations...
[1739354043.089][INFO]: Done waiting for pending navigations. Status: ok
[1739354043.091][INFO]: Waiting for pending navigations...
[1739354043.091][INFO]: Done waiting for pending navigations. Status: ok
[1739354043.091][INFO]: [ca2552411c866a9f6734b21dc2bd0ca9] RESPONSE GetElementText "(825)"
[1739354043.092][INFO]: [ca2552411c866a9f6734b21dc2bd0ca9] COMMAND GetElementText {
   "id": "f.E6F7DCFF375715F3B309CAEA11BA9AD3.d.80B13DD13C7903EA0728EE161477D2EE.e.899"
}
[1739354043.092][INFO]: Waiting for pending navigations...
[1739354043.092][INFO]: Done waiting for pending navigations. Status: ok
[1739354043.094][INFO]: Waiting for pending navigations...
[1739354043.094][INFO]: Done waiting for pending navigations. Status: ok
[1739354043.094][INFO]: [ca2552411c866a9f6734b21dc2bd0ca9] RESPONSE GetElementText "(2,640)"
[1739354043.095][INFO]: [ca2552411c866a9f6734b21dc2bd0ca9] COMMAND GetElementText {
   "id": "f.E6F7DCFF375715F3B309CAEA11BA9AD3.d.80B13DD13C7903EA0728EE161477D2EE.e.899"
}
[1739354043.095][INFO]: Waiting for pending navigations...
[1739354043.095][INFO]: Done waiting for pending navigations. Status: ok
[1739354043.097][INFO]: Waiting for pending navigations...
[1739354043.098][INFO]: Done waiting for pending navigations. Status: ok
[1739354043.098][INFO]: [ca2552411c866a9f6734b21dc2bd0ca9] RESPONSE GetElementText "(2,640)"
[1739354043.098][INFO]: [ca2552411c866a9f6734b21dc2bd0ca9] COMMAND GetElementText {
   "id": "f.E6F7DCFF375715F3B309CAEA11BA9AD3.d.80B13DD13C7903EA0728EE161477D2EE.e.899"
}
[1739354043.098][INFO]: Waiting for pending navigations...
[1739354043.098][INFO]: Done waiting for pending navigations. Status: ok
[1739354043.101][INFO]: Waiting for pending navigations...
[1739354043.101][INFO]: Done waiting for pending navigations. Status: ok
[1739354043.101][INFO]: [ca2552411c866a9f6734b21dc2bd0ca9] RESPONSE GetElementText "(2,640)"
[1739354043.102][INFO]: [ca2552411c866a9f6734b21dc2bd0ca9] COMMAND FindChildElement {
   "id": "f.E6F7DCFF375715F3B309CAEA11BA9AD3.d.80B13DD13C7903EA0728EE161477D2EE.e.899",
   "using": "xpath",
   "value": ".//parent::div//preceding-sibling::a[@class='wjcEIp']"
}
[1739354043.102][INFO]: Waiting for pending navigations...
[1739354043.102][INFO]: Done waiting for pending navigations. Status: ok
[1739354043.104][INFO]: Waiting for pending navigations...
[1739354043.104][INFO]: Done waiting for pending navigations. Status: ok
[1739354043.104][INFO]: [ca2552411c866a9f6734b21dc2bd0ca9] RESPONSE FindChildElement {
   "element-6066-11e4-a52e-4f735466cecf": "f.E6F7DCFF375715F3B309CAEA11BA9AD3.d.80B13DD13C7903EA0728EE161477D2EE.e.926"
}
[1739354043.105][INFO]: [ca2552411c866a9f6734b21dc2bd0ca9] COMMAND GetElementText {
   "id": "f.E6F7DCFF375715F3B309CAEA11BA9AD3.d.80B13DD13C7903EA0728EE161477D2EE.e.926"
}
[1739354043.105][INFO]: Waiting for pending navigations...
[1739354043.105][INFO]: Done waiting for pending navigations. Status: ok
[1739354043.107][INFO]: Waiting for pending navigations...
[1739354043.108][INFO]: Done waiting for pending navigations. Status: ok
[1739354043.108][INFO]: [ca2552411c866a9f6734b21dc2bd0ca9] RESPONSE GetElementText "Tuelip Printed Think Like A Queen Tea & Coffee Ceramic ..."
[1739354043.108][INFO]: [ca2552411c866a9f6734b21dc2bd0ca9] COMMAND FindChildElement {
   "id": "f.E6F7DCFF375715F3B309CAEA11BA9AD3.d.80B13DD13C7903EA0728EE161477D2EE.e.899",
   "using": "xpath",
   "value": "(.//parent::div//preceding-sibling::a[@target='_blank'])[1]"
}
[1739354043.108][INFO]: Waiting for pending navigations...
[1739354043.108][INFO]: Done waiting for pending navigations. Status: ok
[1739354043.112][INFO]: Waiting for pending navigations...
[1739354043.112][INFO]: Done waiting for pending navigations. Status: ok
[1739354043.112][INFO]: [ca2552411c866a9f6734b21dc2bd0ca9] RESPONSE FindChildElement {
   "element-6066-11e4-a52e-4f735466cecf": "f.E6F7DCFF375715F3B309CAEA11BA9AD3.d.80B13DD13C7903EA0728EE161477D2EE.e.927"
}
[1739354043.113][INFO]: [ca2552411c866a9f6734b21dc2bd0ca9] COMMAND ExecuteScript {
   "args": [ {
      "element-6066-11e4-a52e-4f735466cecf": "f.E6F7DCFF375715F3B309CAEA11BA9AD3.d.80B13DD13C7903EA0728EE161477D2EE.e.927"
   }, "href" ],
   "script": "/* getAttribute */return (function(){return (function(){var d=this||self;function f(a,b){function c(){}c.prototype=b.prototype;a.prototype=new c;a.prototype.constructor=a};var h=Array.prototype.indexOf?function(a,b){return Array.prototype.indexOf.call(a,b,void 0)}:function(a,b){if(\"string\"===typeof a)return\"string\"!==typeof b||1!=b.length?-1:a.indexOf(b,0);for(var c=0;c\u003Ca.length;c++)if(c in a&&a[c]===b)return c;return-1},k=Array.prototype.forEach?function(a,b){Array.prototype.forEach.call(a,b,void 0)}:function(a,b){for(var c=a.length,e=\"string\"===typeof a?a.split(\"\"):a,g=0;g\u003Cc;g++)g in e&&b.call(void 0,e[g],g,a)};function l(a,b){this.code=a;this.a=m[a]||n;this.message=b||\"\";a=this.a.replace(/((?:^|\\s+)[a-z])/g,function(c){return c.toUpperCase().replace(/^[\\s\\xa0]+/g,\"\")});b=a.length-5;if(0>b||a.indexOf(\"Error\",b)!=b)a+=\"Error\";this.name=a;a=Error(this.message);a.name=this.name;this.stack=a.stack||\"\"}f(l,Error);var n=\"unknown error\",m={15:\"element not selectable\",11:\"element not visible\"};m[31]=n;m[30]=n;m[24]=\"invalid cookie domain\";m[29]=\"invalid element coordinates\";m[12]=\"invalid element state\";m[32]=\"invalid selector\";\nm[51]=\"invalid selector\";m[52]=\"invalid selector\";m[17]=\"javascript error\";m[405]=\"unsupported operation\";m[34]=\"move target out of bounds\";m[27]=\"no such alert\";m[7]=\"no such element\";m[8]=\"no such frame\";m[23]=\"no such window\";m[28]=\"script timeout\";m[33]=\"session not created\";m[10]=\"stale element reference\";m[21]=\"timeout\";m[25]=\"unable to set cookie\";m[26]=\"unexpected alert open\";m[13]=n;m[9]=\"unknown command\";var p;a:{var q=d.navigator;if(q){var r=q.userAgent;if(r){p=r;break a}}p=\"\"}function t(a){return-1!=p.indexOf(a)};function u(){return t(\"Firefox\")||t(\"FxiOS\")}function v(){return(t(\"Chrome\")||t(\"CriOS\"))&&!t(\"Edge\")};function w(){return t(\"iPhone\")&&!t(\"iPod\")&&!t(\"iPad\")};var y=t(\"Opera\"),z=t(\"Trident\")||t(\"MSIE\"),A=t(\"Edge\"),B=t(\"Gecko\")&&!(-1!=p.toLowerCase().indexOf(\"webkit\")&&!t(\"Edge\"))&&!(t(\"Trident\")||t(\"MSIE\"))&&!t(\"Edge\"),C=-1!=p.toLowerCase().indexOf(\"webkit\")&&!t(\"Edge\");function D(){var a=d.document;return a?a.documentMode:void 0}var E;\na:{var F=\"\",G=function(){var a=p;if(B)return/rv:([^\\);]+)(\\)|;)/.exec(a);if(A)return/Edge\\/([\\d\\.]+)/.exec(a);if(z)return/\\b(?:MSIE|rv)[: ]([^\\);]+)(\\)|;)/.exec(a);if(C)return/WebKit\\/(\\S+)/.exec(a);if(y)return/(?:Version)[ \\/]?(\\S+)/.exec(a)}();G&&(F=G?G[1]:\"\");if(z){var H=D();if(null!=H&&H>parseFloat(F)){E=String(H);break a}}E=F}var I;I=d.document&&z?D():void 0;var J=u(),K=w()||t(\"iPod\"),L=t(\"iPad\"),M=t(\"Android\")&&!(v()||u()||t(\"Opera\")||t(\"Silk\")),N=v(),aa=t(\"Safari\")&&!(v()||t(\"Coast\")||t(\"Opera\")||t(\"Edge\")||t(\"Edg/\")||t(\"OPR\")||u()||t(\"Silk\")||t(\"Android\"))&&!(w()||t(\"iPad\")||t(\"iPod\"));function O(a){return(a=a.exec(p))?a[1]:\"\"}(function(){if(J)return O(/Firefox\\/([0-9.]+)/);if(z||A||y)return E;if(N)return w()||t(\"iPad\")||t(\"iPod\")?O(/CriOS\\/([0-9.]+)/):O(/Chrome\\/([0-9.]+)/);if(aa&&!(w()||t(\"iPad\")||t(\"iPod\")))return O(/Version\\/([0-9.]+)/);if(K||L){var a=/Version\\/(\\S+).*Mobile\\/(\\S+)/.exec(p);if(a)return a[1]+\".\"+a[2]}else if(M)return(a=O(/Android\\s+([0-9.]+)/))?a:O(/Version\\/([0-9.]+)/);return\"\"})();var P=z&&!(8\u003C=Number(I)),ba=z&&!(9\u003C=Number(I));var ca={SCRIPT:1,STYLE:1,HEAD:1,IFRAME:1,OBJECT:1},Q={IMG:\" \",BR:\"\\n\"};function R(a,b,c){if(!(a.nodeName in ca))if(3==a.nodeType)c?b.push(String(a.nodeValue).replace(/(\\r\\n|\\r|\\n)/g,\"\")):b.push(a.nodeValue);else if(a.nodeName in Q)b.push(Q[a.nodeName]);else for(a=a.firstChild;a;)R(a,b,c),a=a.nextSibling};function S(a,b){b=b.toLowerCase();return\"style\"==b?da(a.style.cssText):P&&\"value\"==b&&T(a,\"INPUT\")?a.value:ba&&!0===a[b]?String(a.getAttribute(b)):(a=a.getAttributeNode(b))&&a.specified?a.value:null}var ea=/[;]+(?=(?:(?:[^\"]*\"){2})*[^\"]*$)(?=(?:(?:[^']*'){2})*[^']*$)(?=(?:[^()]*\\([^()]*\\))*[^()]*$)/;\nfunction da(a){var b=[];k(a.split(ea),function(c){var e=c.indexOf(\":\");0\u003Ce&&(c=[c.slice(0,e),c.slice(e+1)],2==c.length&&b.push(c[0].toLowerCase(),\":\",c[1],\";\"))});b=b.join(\"\");return b=\";\"==b.charAt(b.length-1)?b:b+\";\"}function U(a,b){P&&\"value\"==b&&T(a,\"OPTION\")&&null===S(a,\"value\")?(b=[],R(a,b,!1),a=b.join(\"\")):a=a[b];return a}function T(a,b){b&&\"string\"!==typeof b&&(b=b.toString());return!!a&&1==a.nodeType&&(!b||a.tagName.toUpperCase()==b)}\nfunction V(a){return T(a,\"OPTION\")?!0:T(a,\"INPUT\")?(a=a.type.toLowerCase(),\"checkbox\"==a||\"radio\"==a):!1};var fa={\"class\":\"className\",readonly:\"readOnly\"},ha=\"allowfullscreen allowpaymentrequest allowusermedia async autofocus autoplay checked compact complete controls declare default defaultchecked defaultselected defer disabled ended formnovalidate hidden indeterminate iscontenteditable ismap itemscope loop multiple muted nohref nomodule noresize noshade novalidate nowrap open paused playsinline pubdate readonly required reversed scoped seamless seeking selected truespeed typemustmatch willvalidate\".split(\" \");function W(a,b){var c=null,e=b.toLowerCase();if(\"style\"==e)return(c=a.style)&&\"string\"!=typeof c&&(c=c.cssText),c;if((\"selected\"==e||\"checked\"==e)&&V(a)){if(!V(a))throw new l(15,\"Element is not selectable\");b=\"selected\";c=a.type&&a.type.toLowerCase();if(\"checkbox\"==c||\"radio\"==c)b=\"checked\";return U(a,b)?\"true\":null}var g=T(a,\"A\");if(T(a,\"IMG\")&&\"src\"==e||g&&\"href\"==e)return(c=S(a,e))&&(c=U(a,e)),c;if(\"spellcheck\"==e){c=S(a,e);if(null!==c){if(\"false\"==c.toLowerCase())return\"false\";if(\"true\"==c.toLowerCase())return\"true\"}return U(a,\ne)+\"\"}g=fa[b]||b;if(0\u003C=h(ha,e))return(c=null!==S(a,b)||U(a,g))?\"true\":null;try{var x=U(a,g)}catch(ia){}(e=null==x)||(e=typeof x,e=\"object\"==e&&null!=x||\"function\"==e);e?c=S(a,b):c=x;return null!=c?c.toString():null}var X=[\"_\"],Y=d;X[0]in Y||\"undefined\"==typeof Y.execScript||Y.execScript(\"var \"+X[0]);for(var Z;X.length&&(Z=X.shift());)X.length||void 0===W?Y[Z]&&Y[Z]!==Object.prototype[Z]?Y=Y[Z]:Y=Y[Z]={}:Y[Z]=W;; return this._.apply(null,arguments);}).apply({navigator:typeof window!='undefined'?window.navigator:null,document:typeof window!='undefined'?window.document:null}, arguments);}\n).apply(null, arguments);"
}
[1739354043.113][INFO]: Waiting for pending navigations...
[1739354043.113][INFO]: Done waiting for pending navigations. Status: ok
[1739354043.114][INFO]: Waiting for pending navigations...
[1739354043.115][INFO]: Done waiting for pending navigations. Status: ok
[1739354043.115][INFO]: [ca2552411c866a9f6734b21dc2bd0ca9] RESPONSE ExecuteScript "https://www.flipkart.com/tuelip-printed-think-like-queen-tea-coffee-ceramic-coaster-combo-mug/p/itmf2vnqgzzyhj57?pid=MUGF2VMGYMHDH8RH&lid=LSTMUGF2VMGYMHDH8RHFXYFKP&marketplace=FLIPKART&q=Coffee+Mug..."
[1739354043.115][INFO]: [ca2552411c866a9f6734b21dc2bd0ca9] COMMAND GetElementText {
   "id": "f.E6F7DCFF375715F3B309CAEA11BA9AD3.d.80B13DD13C7903EA0728EE161477D2EE.e.899"
}
[1739354043.115][INFO]: Waiting for pending navigations...
[1739354043.116][INFO]: Done waiting for pending navigations. Status: ok
[1739354043.118][INFO]: Waiting for pending navigations...
[1739354043.118][INFO]: Done waiting for pending navigations. Status: ok
[1739354043.118][INFO]: [ca2552411c866a9f6734b21dc2bd0ca9] RESPONSE GetElementText "(2,640)"
[1739354043.119][INFO]: [ca2552411c866a9f6734b21dc2bd0ca9] COMMAND GetElementText {
   "id": "f.E6F7DCFF375715F3B309CAEA11BA9AD3.d.80B13DD13C7903EA0728EE161477D2EE.e.899"
}
[1739354043.119][INFO]: Waiting for pending navigations...
[1739354043.119][INFO]: Done waiting for pending navigations. Status: ok
[1739354043.121][INFO]: Waiting for pending navigations...
[1739354043.121][INFO]: Done waiting for pending navigations. Status: ok
[1739354043.121][INFO]: [ca2552411c866a9f6734b21dc2bd0ca9] RESPONSE GetElementText "(2,640)"
[1739354043.122][INFO]: [ca2552411c866a9f6734b21dc2bd0ca9] COMMAND GetElementText {
   "id": "f.E6F7DCFF375715F3B309CAEA11BA9AD3.d.80B13DD13C7903EA0728EE161477D2EE.e.900"
}
[1739354043.122][INFO]: Waiting for pending navigations...
[1739354043.122][INFO]: Done waiting for pending navigations. Status: ok
[1739354043.124][INFO]: Waiting for pending navigations...
[1739354043.125][INFO]: Done waiting for pending navigations. Status: ok
[1739354043.125][INFO]: [ca2552411c866a9f6734b21dc2bd0ca9] RESPONSE GetElementText "(467)"
[1739354043.125][INFO]: [ca2552411c866a9f6734b21dc2bd0ca9] COMMAND GetElementText {
   "id": "f.E6F7DCFF375715F3B309CAEA11BA9AD3.d.80B13DD13C7903EA0728EE161477D2EE.e.900"
}
[1739354043.125][INFO]: Waiting for pending navigations...
[1739354043.125][INFO]: Done waiting for pending navigations. Status: ok
[1739354043.128][INFO]: Waiting for pending navigations...
[1739354043.129][INFO]: Done waiting for pending navigations. Status: ok
[1739354043.129][INFO]: [ca2552411c866a9f6734b21dc2bd0ca9] RESPONSE GetElementText "(467)"
[1739354043.129][INFO]: [ca2552411c866a9f6734b21dc2bd0ca9] COMMAND GetElementText {
   "id": "f.E6F7DCFF375715F3B309CAEA11BA9AD3.d.80B13DD13C7903EA0728EE161477D2EE.e.900"
}
[1739354043.129][INFO]: Waiting for pending navigations...
[1739354043.130][INFO]: Done waiting for pending navigations. Status: ok
[1739354043.132][INFO]: Waiting for pending navigations...
[1739354043.132][INFO]: Done waiting for pending navigations. Status: ok
[1739354043.132][INFO]: [ca2552411c866a9f6734b21dc2bd0ca9] RESPONSE GetElementText "(467)"
[1739354043.133][INFO]: [ca2552411c866a9f6734b21dc2bd0ca9] COMMAND GetElementText {
   "id": "f.E6F7DCFF375715F3B309CAEA11BA9AD3.d.80B13DD13C7903EA0728EE161477D2EE.e.900"
}
[1739354043.133][INFO]: Waiting for pending navigations...
[1739354043.133][INFO]: Done waiting for pending navigations. Status: ok
[1739354043.135][INFO]: Waiting for pending navigations...
[1739354043.135][INFO]: Done waiting for pending navigations. Status: ok
[1739354043.135][INFO]: [ca2552411c866a9f6734b21dc2bd0ca9] RESPONSE GetElementText "(467)"
[1739354043.136][INFO]: [ca2552411c866a9f6734b21dc2bd0ca9] COMMAND GetElementText {
   "id": "f.E6F7DCFF375715F3B309CAEA11BA9AD3.d.80B13DD13C7903EA0728EE161477D2EE.e.900"
}
[1739354043.136][INFO]: Waiting for pending navigations...
[1739354043.136][INFO]: Done waiting for pending navigations. Status: ok
[1739354043.138][INFO]: Waiting for pending navigations...
[1739354043.139][INFO]: Done waiting for pending navigations. Status: ok
[1739354043.139][INFO]: [ca2552411c866a9f6734b21dc2bd0ca9] RESPONSE GetElementText "(467)"
[1739354043.139][INFO]: [ca2552411c866a9f6734b21dc2bd0ca9] COMMAND GetElementText {
   "id": "f.E6F7DCFF375715F3B309CAEA11BA9AD3.d.80B13DD13C7903EA0728EE161477D2EE.e.901"
}
[1739354043.139][INFO]: Waiting for pending navigations...
[1739354043.140][INFO]: Done waiting for pending navigations. Status: ok
[1739354043.142][INFO]: Waiting for pending navigations...
[1739354043.142][INFO]: Done waiting for pending navigations. Status: ok
[1739354043.142][INFO]: [ca2552411c866a9f6734b21dc2bd0ca9] RESPONSE GetElementText "(55)"
[1739354043.143][INFO]: [ca2552411c866a9f6734b21dc2bd0ca9] COMMAND GetElementText {
   "id": "f.E6F7DCFF375715F3B309CAEA11BA9AD3.d.80B13DD13C7903EA0728EE161477D2EE.e.901"
}
[1739354043.143][INFO]: Waiting for pending navigations...
[1739354043.143][INFO]: Done waiting for pending navigations. Status: ok
[1739354043.146][INFO]: Waiting for pending navigations...
[1739354043.146][INFO]: Done waiting for pending navigations. Status: ok
[1739354043.146][INFO]: [ca2552411c866a9f6734b21dc2bd0ca9] RESPONSE GetElementText "(55)"
[1739354043.147][INFO]: [ca2552411c866a9f6734b21dc2bd0ca9] COMMAND GetElementText {
   "id": "f.E6F7DCFF375715F3B309CAEA11BA9AD3.d.80B13DD13C7903EA0728EE161477D2EE.e.901"
}
[1739354043.147][INFO]: Waiting for pending navigations...
[1739354043.147][INFO]: Done waiting for pending navigations. Status: ok
[1739354043.149][INFO]: Waiting for pending navigations...
[1739354043.150][INFO]: Done waiting for pending navigations. Status: ok
[1739354043.150][INFO]: [ca2552411c866a9f6734b21dc2bd0ca9] RESPONSE GetElementText "(55)"
[1739354043.150][INFO]: [ca2552411c866a9f6734b21dc2bd0ca9] COMMAND GetElementText {
   "id": "f.E6F7DCFF375715F3B309CAEA11BA9AD3.d.80B13DD13C7903EA0728EE161477D2EE.e.901"
}
[1739354043.150][INFO]: Waiting for pending navigations...
[1739354043.150][INFO]: Done waiting for pending navigations. Status: ok
[1739354043.153][INFO]: Waiting for pending navigations...
[1739354043.153][INFO]: Done waiting for pending navigations. Status: ok
[1739354043.153][INFO]: [ca2552411c866a9f6734b21dc2bd0ca9] RESPONSE GetElementText "(55)"
[1739354043.153][INFO]: [ca2552411c866a9f6734b21dc2bd0ca9] COMMAND GetElementText {
   "id": "f.E6F7DCFF375715F3B309CAEA11BA9AD3.d.80B13DD13C7903EA0728EE161477D2EE.e.901"
}
[1739354043.153][INFO]: Waiting for pending navigations...
[1739354043.153][INFO]: Done waiting for pending navigations. Status: ok
[1739354043.156][INFO]: Waiting for pending navigations...
[1739354043.156][INFO]: Done waiting for pending navigations. Status: ok
[1739354043.156][INFO]: [ca2552411c866a9f6734b21dc2bd0ca9] RESPONSE GetElementText "(55)"
[1739354043.157][INFO]: [ca2552411c866a9f6734b21dc2bd0ca9] COMMAND GetElementText {
   "id": "f.E6F7DCFF375715F3B309CAEA11BA9AD3.d.80B13DD13C7903EA0728EE161477D2EE.e.902"
}
[1739354043.157][INFO]: Waiting for pending navigations...
[1739354043.157][INFO]: Done waiting for pending navigations. Status: ok
[1739354043.159][INFO]: Waiting for pending navigations...
[1739354043.159][INFO]: Done waiting for pending navigations. Status: ok
[1739354043.159][INFO]: [ca2552411c866a9f6734b21dc2bd0ca9] RESPONSE GetElementText "(172)"
[1739354043.160][INFO]: [ca2552411c866a9f6734b21dc2bd0ca9] COMMAND GetElementText {
   "id": "f.E6F7DCFF375715F3B309CAEA11BA9AD3.d.80B13DD13C7903EA0728EE161477D2EE.e.902"
}
[1739354043.160][INFO]: Waiting for pending navigations...
[1739354043.160][INFO]: Done waiting for pending navigations. Status: ok
[1739354043.163][INFO]: Waiting for pending navigations...
[1739354043.163][INFO]: Done waiting for pending navigations. Status: ok
[1739354043.163][INFO]: [ca2552411c866a9f6734b21dc2bd0ca9] RESPONSE GetElementText "(172)"
[1739354043.164][INFO]: [ca2552411c866a9f6734b21dc2bd0ca9] COMMAND GetElementText {
   "id": "f.E6F7DCFF375715F3B309CAEA11BA9AD3.d.80B13DD13C7903EA0728EE161477D2EE.e.902"
}
[1739354043.164][INFO]: Waiting for pending navigations...
[1739354043.164][INFO]: Done waiting for pending navigations. Status: ok
[1739354043.166][INFO]: Waiting for pending navigations...
[1739354043.166][INFO]: Done waiting for pending navigations. Status: ok
[1739354043.166][INFO]: [ca2552411c866a9f6734b21dc2bd0ca9] RESPONSE GetElementText "(172)"
[1739354043.167][INFO]: [ca2552411c866a9f6734b21dc2bd0ca9] COMMAND GetElementText {
   "id": "f.E6F7DCFF375715F3B309CAEA11BA9AD3.d.80B13DD13C7903EA0728EE161477D2EE.e.902"
}
[1739354043.167][INFO]: Waiting for pending navigations...
[1739354043.167][INFO]: Done waiting for pending navigations. Status: ok
[1739354043.169][INFO]: Waiting for pending navigations...
[1739354043.169][INFO]: Done waiting for pending navigations. Status: ok
[1739354043.169][INFO]: [ca2552411c866a9f6734b21dc2bd0ca9] RESPONSE GetElementText "(172)"
[1739354043.170][INFO]: [ca2552411c866a9f6734b21dc2bd0ca9] COMMAND GetElementText {
   "id": "f.E6F7DCFF375715F3B309CAEA11BA9AD3.d.80B13DD13C7903EA0728EE161477D2EE.e.902"
}
[1739354043.170][INFO]: Waiting for pending navigations...
[1739354043.170][INFO]: Done waiting for pending navigations. Status: ok
[1739354043.172][INFO]: Waiting for pending navigations...
[1739354043.172][INFO]: Done waiting for pending navigations. Status: ok
[1739354043.172][INFO]: [ca2552411c866a9f6734b21dc2bd0ca9] RESPONSE GetElementText "(172)"
[1739354043.173][INFO]: [ca2552411c866a9f6734b21dc2bd0ca9] COMMAND GetElementText {
   "id": "f.E6F7DCFF375715F3B309CAEA11BA9AD3.d.80B13DD13C7903EA0728EE161477D2EE.e.903"
}
[1739354043.173][INFO]: Waiting for pending navigations...
[1739354043.173][INFO]: Done waiting for pending navigations. Status: ok
[1739354043.175][INFO]: Waiting for pending navigations...
[1739354043.175][INFO]: Done waiting for pending navigations. Status: ok
[1739354043.175][INFO]: [ca2552411c866a9f6734b21dc2bd0ca9] RESPONSE GetElementText "(7)"
[1739354043.176][INFO]: [ca2552411c866a9f6734b21dc2bd0ca9] COMMAND GetElementText {
   "id": "f.E6F7DCFF375715F3B309CAEA11BA9AD3.d.80B13DD13C7903EA0728EE161477D2EE.e.903"
}
[1739354043.176][INFO]: Waiting for pending navigations...
[1739354043.176][INFO]: Done waiting for pending navigations. Status: ok
[1739354043.178][INFO]: Waiting for pending navigations...
[1739354043.179][INFO]: Done waiting for pending navigations. Status: ok
[1739354043.179][INFO]: [ca2552411c866a9f6734b21dc2bd0ca9] RESPONSE GetElementText "(7)"
[1739354043.180][INFO]: [ca2552411c866a9f6734b21dc2bd0ca9] COMMAND GetElementText {
   "id": "f.E6F7DCFF375715F3B309CAEA11BA9AD3.d.80B13DD13C7903EA0728EE161477D2EE.e.903"
}
[1739354043.180][INFO]: Waiting for pending navigations...
[1739354043.180][INFO]: Done waiting for pending navigations. Status: ok
[1739354043.182][INFO]: Waiting for pending navigations...
[1739354043.183][INFO]: Done waiting for pending navigations. Status: ok
[1739354043.183][INFO]: [ca2552411c866a9f6734b21dc2bd0ca9] RESPONSE GetElementText "(7)"
[1739354043.183][INFO]: [ca2552411c866a9f6734b21dc2bd0ca9] COMMAND GetElementText {
   "id": "f.E6F7DCFF375715F3B309CAEA11BA9AD3.d.80B13DD13C7903EA0728EE161477D2EE.e.903"
}
[1739354043.183][INFO]: Waiting for pending navigations...
[1739354043.183][INFO]: Done waiting for pending navigations. Status: ok
[1739354043.186][INFO]: Waiting for pending navigations...
[1739354043.186][INFO]: Done waiting for pending navigations. Status: ok
[1739354043.186][INFO]: [ca2552411c866a9f6734b21dc2bd0ca9] RESPONSE GetElementText "(7)"
[1739354043.186][INFO]: [ca2552411c866a9f6734b21dc2bd0ca9] COMMAND GetElementText {
   "id": "f.E6F7DCFF375715F3B309CAEA11BA9AD3.d.80B13DD13C7903EA0728EE161477D2EE.e.903"
}
[1739354043.186][INFO]: Waiting for pending navigations...
[1739354043.186][INFO]: Done waiting for pending navigations. Status: ok
[1739354043.189][INFO]: Waiting for pending navigations...
[1739354043.189][INFO]: Done waiting for pending navigations. Status: ok
[1739354043.189][INFO]: [ca2552411c866a9f6734b21dc2bd0ca9] RESPONSE GetElementText "(7)"
[1739354043.190][INFO]: [ca2552411c866a9f6734b21dc2bd0ca9] COMMAND GetElementText {
   "id": "f.E6F7DCFF375715F3B309CAEA11BA9AD3.d.80B13DD13C7903EA0728EE161477D2EE.e.904"
}
[1739354043.190][INFO]: Waiting for pending navigations...
[1739354043.190][INFO]: Done waiting for pending navigations. Status: ok
[1739354043.192][INFO]: Waiting for pending navigations...
[1739354043.192][INFO]: Done waiting for pending navigations. Status: ok
[1739354043.192][INFO]: [ca2552411c866a9f6734b21dc2bd0ca9] RESPONSE GetElementText "(12)"
[1739354043.193][INFO]: [ca2552411c866a9f6734b21dc2bd0ca9] COMMAND GetElementText {
   "id": "f.E6F7DCFF375715F3B309CAEA11BA9AD3.d.80B13DD13C7903EA0728EE161477D2EE.e.904"
}
[1739354043.193][INFO]: Waiting for pending navigations...
[1739354043.193][INFO]: Done waiting for pending navigations. Status: ok
[1739354043.196][INFO]: Waiting for pending navigations...
[1739354043.196][INFO]: Done waiting for pending navigations. Status: ok
[1739354043.196][INFO]: [ca2552411c866a9f6734b21dc2bd0ca9] RESPONSE GetElementText "(12)"
[1739354043.197][INFO]: [ca2552411c866a9f6734b21dc2bd0ca9] COMMAND GetElementText {
   "id": "f.E6F7DCFF375715F3B309CAEA11BA9AD3.d.80B13DD13C7903EA0728EE161477D2EE.e.904"
}
[1739354043.197][INFO]: Waiting for pending navigations...
[1739354043.197][INFO]: Done waiting for pending navigations. Status: ok
[1739354043.199][INFO]: Waiting for pending navigations...
[1739354043.200][INFO]: Done waiting for pending navigations. Status: ok
[1739354043.200][INFO]: [ca2552411c866a9f6734b21dc2bd0ca9] RESPONSE GetElementText "(12)"
[1739354043.200][INFO]: [ca2552411c866a9f6734b21dc2bd0ca9] COMMAND GetElementText {
   "id": "f.E6F7DCFF375715F3B309CAEA11BA9AD3.d.80B13DD13C7903EA0728EE161477D2EE.e.904"
}
[1739354043.200][INFO]: Waiting for pending navigations...
[1739354043.200][INFO]: Done waiting for pending navigations. Status: ok
[1739354043.203][INFO]: Waiting for pending navigations...
[1739354043.203][INFO]: Done waiting for pending navigations. Status: ok
[1739354043.203][INFO]: [ca2552411c866a9f6734b21dc2bd0ca9] RESPONSE GetElementText "(12)"
[1739354043.203][INFO]: [ca2552411c866a9f6734b21dc2bd0ca9] COMMAND GetElementText {
   "id": "f.E6F7DCFF375715F3B309CAEA11BA9AD3.d.80B13DD13C7903EA0728EE161477D2EE.e.904"
}
[1739354043.203][INFO]: Waiting for pending navigations...
[1739354043.203][INFO]: Done waiting for pending navigations. Status: ok
[1739354043.206][INFO]: Waiting for pending navigations...
[1739354043.206][INFO]: Done waiting for pending navigations. Status: ok
[1739354043.206][INFO]: [ca2552411c866a9f6734b21dc2bd0ca9] RESPONSE GetElementText "(12)"
[1739354043.207][INFO]: [ca2552411c866a9f6734b21dc2bd0ca9] COMMAND GetElementText {
   "id": "f.E6F7DCFF375715F3B309CAEA11BA9AD3.d.80B13DD13C7903EA0728EE161477D2EE.e.905"
}
[1739354043.207][INFO]: Waiting for pending navigations...
[1739354043.207][INFO]: Done waiting for pending navigations. Status: ok
[1739354043.209][INFO]: Waiting for pending navigations...
[1739354043.209][INFO]: Done waiting for pending navigations. Status: ok
[1739354043.209][INFO]: [ca2552411c866a9f6734b21dc2bd0ca9] RESPONSE GetElementText "(18)"
[1739354043.210][INFO]: [ca2552411c866a9f6734b21dc2bd0ca9] COMMAND GetElementText {
   "id": "f.E6F7DCFF375715F3B309CAEA11BA9AD3.d.80B13DD13C7903EA0728EE161477D2EE.e.905"
}
[1739354043.210][INFO]: Waiting for pending navigations...
[1739354043.210][INFO]: Done waiting for pending navigations. Status: ok
[1739354043.213][INFO]: Waiting for pending navigations...
[1739354043.213][INFO]: Done waiting for pending navigations. Status: ok
[1739354043.213][INFO]: [ca2552411c866a9f6734b21dc2bd0ca9] RESPONSE GetElementText "(18)"
[1739354043.214][INFO]: [ca2552411c866a9f6734b21dc2bd0ca9] COMMAND GetElementText {
   "id": "f.E6F7DCFF375715F3B309CAEA11BA9AD3.d.80B13DD13C7903EA0728EE161477D2EE.e.905"
}
[1739354043.214][INFO]: Waiting for pending navigations...
[1739354043.214][INFO]: Done waiting for pending navigations. Status: ok
[1739354043.216][INFO]: Waiting for pending navigations...
[1739354043.217][INFO]: Done waiting for pending navigations. Status: ok
[1739354043.217][INFO]: [ca2552411c866a9f6734b21dc2bd0ca9] RESPONSE GetElementText "(18)"
[1739354043.217][INFO]: [ca2552411c866a9f6734b21dc2bd0ca9] COMMAND GetElementText {
   "id": "f.E6F7DCFF375715F3B309CAEA11BA9AD3.d.80B13DD13C7903EA0728EE161477D2EE.e.905"
}
[1739354043.217][INFO]: Waiting for pending navigations...
[1739354043.217][INFO]: Done waiting for pending navigations. Status: ok
[1739354043.220][INFO]: Waiting for pending navigations...
[1739354043.220][INFO]: Done waiting for pending navigations. Status: ok
[1739354043.220][INFO]: [ca2552411c866a9f6734b21dc2bd0ca9] RESPONSE GetElementText "(18)"
[1739354043.220][INFO]: [ca2552411c866a9f6734b21dc2bd0ca9] COMMAND GetElementText {
   "id": "f.E6F7DCFF375715F3B309CAEA11BA9AD3.d.80B13DD13C7903EA0728EE161477D2EE.e.905"
}
[1739354043.220][INFO]: Waiting for pending navigations...
[1739354043.220][INFO]: Done waiting for pending navigations. Status: ok
[1739354043.223][INFO]: Waiting for pending navigations...
[1739354043.223][INFO]: Done waiting for pending navigations. Status: ok
[1739354043.223][INFO]: [ca2552411c866a9f6734b21dc2bd0ca9] RESPONSE GetElementText "(18)"
[1739354043.224][INFO]: [ca2552411c866a9f6734b21dc2bd0ca9] COMMAND GetElementText {
   "id": "f.E6F7DCFF375715F3B309CAEA11BA9AD3.d.80B13DD13C7903EA0728EE161477D2EE.e.906"
}
[1739354043.224][INFO]: Waiting for pending navigations...
[1739354043.224][INFO]: Done waiting for pending navigations. Status: ok
[1739354043.226][INFO]: Waiting for pending navigations...
[1739354043.226][INFO]: Done waiting for pending navigations. Status: ok
[1739354043.226][INFO]: [ca2552411c866a9f6734b21dc2bd0ca9] RESPONSE GetElementText "(137)"
[1739354043.226][INFO]: [ca2552411c866a9f6734b21dc2bd0ca9] COMMAND GetElementText {
   "id": "f.E6F7DCFF375715F3B309CAEA11BA9AD3.d.80B13DD13C7903EA0728EE161477D2EE.e.906"
}
[1739354043.226][INFO]: Waiting for pending navigations...
[1739354043.227][INFO]: Done waiting for pending navigations. Status: ok
[1739354043.230][INFO]: Waiting for pending navigations...
[1739354043.230][INFO]: Done waiting for pending navigations. Status: ok
[1739354043.230][INFO]: [ca2552411c866a9f6734b21dc2bd0ca9] RESPONSE GetElementText "(137)"
[1739354043.231][INFO]: [ca2552411c866a9f6734b21dc2bd0ca9] COMMAND GetElementText {
   "id": "f.E6F7DCFF375715F3B309CAEA11BA9AD3.d.80B13DD13C7903EA0728EE161477D2EE.e.906"
}
[1739354043.231][INFO]: Waiting for pending navigations...
[1739354043.231][INFO]: Done waiting for pending navigations. Status: ok
[1739354043.233][INFO]: Waiting for pending navigations...
[1739354043.233][INFO]: Done waiting for pending navigations. Status: ok
[1739354043.233][INFO]: [ca2552411c866a9f6734b21dc2bd0ca9] RESPONSE GetElementText "(137)"
[1739354043.233][INFO]: [ca2552411c866a9f6734b21dc2bd0ca9] COMMAND GetElementText {
   "id": "f.E6F7DCFF375715F3B309CAEA11BA9AD3.d.80B13DD13C7903EA0728EE161477D2EE.e.906"
}
[1739354043.233][INFO]: Waiting for pending navigations...
[1739354043.234][INFO]: Done waiting for pending navigations. Status: ok
[1739354043.236][INFO]: Waiting for pending navigations...
[1739354043.236][INFO]: Done waiting for pending navigations. Status: ok
[1739354043.236][INFO]: [ca2552411c866a9f6734b21dc2bd0ca9] RESPONSE GetElementText "(137)"
[1739354043.236][INFO]: [ca2552411c866a9f6734b21dc2bd0ca9] COMMAND GetElementText {
   "id": "f.E6F7DCFF375715F3B309CAEA11BA9AD3.d.80B13DD13C7903EA0728EE161477D2EE.e.906"
}
[1739354043.236][INFO]: Waiting for pending navigations...
[1739354043.237][INFO]: Done waiting for pending navigations. Status: ok
[1739354043.239][INFO]: Waiting for pending navigations...
[1739354043.239][INFO]: Done waiting for pending navigations. Status: ok
[1739354043.239][INFO]: [ca2552411c866a9f6734b21dc2bd0ca9] RESPONSE GetElementText "(137)"
[1739354043.239][INFO]: [ca2552411c866a9f6734b21dc2bd0ca9] COMMAND GetElementText {
   "id": "f.E6F7DCFF375715F3B309CAEA11BA9AD3.d.80B13DD13C7903EA0728EE161477D2EE.e.907"
}
[1739354043.239][INFO]: Waiting for pending navigations...
[1739354043.240][INFO]: Done waiting for pending navigations. Status: ok
[1739354043.242][INFO]: Waiting for pending navigations...
[1739354043.242][INFO]: Done waiting for pending navigations. Status: ok
[1739354043.242][INFO]: [ca2552411c866a9f6734b21dc2bd0ca9] RESPONSE GetElementText "(98)"
[1739354043.242][INFO]: [ca2552411c866a9f6734b21dc2bd0ca9] COMMAND GetElementText {
   "id": "f.E6F7DCFF375715F3B309CAEA11BA9AD3.d.80B13DD13C7903EA0728EE161477D2EE.e.907"
}
[1739354043.242][INFO]: Waiting for pending navigations...
[1739354043.243][INFO]: Done waiting for pending navigations. Status: ok
[1739354043.246][INFO]: Waiting for pending navigations...
[1739354043.246][INFO]: Done waiting for pending navigations. Status: ok
[1739354043.246][INFO]: [ca2552411c866a9f6734b21dc2bd0ca9] RESPONSE GetElementText "(98)"
[1739354043.247][INFO]: [ca2552411c866a9f6734b21dc2bd0ca9] COMMAND GetElementText {
   "id": "f.E6F7DCFF375715F3B309CAEA11BA9AD3.d.80B13DD13C7903EA0728EE161477D2EE.e.907"
}
[1739354043.247][INFO]: Waiting for pending navigations...
[1739354043.247][INFO]: Done waiting for pending navigations. Status: ok
[1739354043.249][INFO]: Waiting for pending navigations...
[1739354043.249][INFO]: Done waiting for pending navigations. Status: ok
[1739354043.249][INFO]: [ca2552411c866a9f6734b21dc2bd0ca9] RESPONSE GetElementText "(98)"
[1739354043.250][INFO]: [ca2552411c866a9f6734b21dc2bd0ca9] COMMAND GetElementText {
   "id": "f.E6F7DCFF375715F3B309CAEA11BA9AD3.d.80B13DD13C7903EA0728EE161477D2EE.e.907"
}
[1739354043.250][INFO]: Waiting for pending navigations...
[1739354043.250][INFO]: Done waiting for pending navigations. Status: ok
[1739354043.252][INFO]: Waiting for pending navigations...
[1739354043.252][INFO]: Done waiting for pending navigations. Status: ok
[1739354043.252][INFO]: [ca2552411c866a9f6734b21dc2bd0ca9] RESPONSE GetElementText "(98)"
[1739354043.253][INFO]: [ca2552411c866a9f6734b21dc2bd0ca9] COMMAND GetElementText {
   "id": "f.E6F7DCFF375715F3B309CAEA11BA9AD3.d.80B13DD13C7903EA0728EE161477D2EE.e.907"
}
[1739354043.253][INFO]: Waiting for pending navigations...
[1739354043.253][INFO]: Done waiting for pending navigations. Status: ok
[1739354043.255][INFO]: Waiting for pending navigations...
[1739354043.256][INFO]: Done waiting for pending navigations. Status: ok
[1739354043.256][INFO]: [ca2552411c866a9f6734b21dc2bd0ca9] RESPONSE GetElementText "(98)"
[1739354043.256][INFO]: [ca2552411c866a9f6734b21dc2bd0ca9] COMMAND GetElementText {
   "id": "f.E6F7DCFF375715F3B309CAEA11BA9AD3.d.80B13DD13C7903EA0728EE161477D2EE.e.908"
}
[1739354043.256][INFO]: Waiting for pending navigations...
[1739354043.256][INFO]: Done waiting for pending navigations. Status: ok
[1739354043.258][INFO]: Waiting for pending navigations...
[1739354043.259][INFO]: Done waiting for pending navigations. Status: ok
[1739354043.259][INFO]: [ca2552411c866a9f6734b21dc2bd0ca9] RESPONSE GetElementText "(2,745)"
[1739354043.259][INFO]: [ca2552411c866a9f6734b21dc2bd0ca9] COMMAND GetElementText {
   "id": "f.E6F7DCFF375715F3B309CAEA11BA9AD3.d.80B13DD13C7903EA0728EE161477D2EE.e.908"
}
[1739354043.259][INFO]: Waiting for pending navigations...
[1739354043.259][INFO]: Done waiting for pending navigations. Status: ok
[1739354043.262][INFO]: Waiting for pending navigations...
[1739354043.262][INFO]: Done waiting for pending navigations. Status: ok
[1739354043.262][INFO]: [ca2552411c866a9f6734b21dc2bd0ca9] RESPONSE GetElementText "(2,745)"
[1739354043.263][INFO]: [ca2552411c866a9f6734b21dc2bd0ca9] COMMAND FindChildElement {
   "id": "f.E6F7DCFF375715F3B309CAEA11BA9AD3.d.80B13DD13C7903EA0728EE161477D2EE.e.908",
   "using": "xpath",
   "value": ".//parent::div//preceding-sibling::a[@class='wjcEIp']"
}
[1739354043.263][INFO]: Waiting for pending navigations...
[1739354043.263][INFO]: Done waiting for pending navigations. Status: ok
[1739354043.266][INFO]: Waiting for pending navigations...
[1739354043.266][INFO]: Done waiting for pending navigations. Status: ok
[1739354043.266][INFO]: [ca2552411c866a9f6734b21dc2bd0ca9] RESPONSE FindChildElement {
   "element-6066-11e4-a52e-4f735466cecf": "f.E6F7DCFF375715F3B309CAEA11BA9AD3.d.80B13DD13C7903EA0728EE161477D2EE.e.928"
}
[1739354043.266][INFO]: [ca2552411c866a9f6734b21dc2bd0ca9] COMMAND GetElementText {
   "id": "f.E6F7DCFF375715F3B309CAEA11BA9AD3.d.80B13DD13C7903EA0728EE161477D2EE.e.928"
}
[1739354043.266][INFO]: Waiting for pending navigations...
[1739354043.267][INFO]: Done waiting for pending navigations. Status: ok
[1739354043.269][INFO]: Waiting for pending navigations...
[1739354043.269][INFO]: Done waiting for pending navigations. Status: ok
[1739354043.269][INFO]: [ca2552411c866a9f6734b21dc2bd0ca9] RESPONSE GetElementText "Thiwa Double Wall coffee mug stainless steel Couple Cof..."
[1739354043.270][INFO]: [ca2552411c866a9f6734b21dc2bd0ca9] COMMAND FindChildElement {
   "id": "f.E6F7DCFF375715F3B309CAEA11BA9AD3.d.80B13DD13C7903EA0728EE161477D2EE.e.908",
   "using": "xpath",
   "value": "(.//parent::div//preceding-sibling::a[@target='_blank'])[1]"
}
[1739354043.270][INFO]: Waiting for pending navigations...
[1739354043.270][INFO]: Done waiting for pending navigations. Status: ok
[1739354043.272][INFO]: Waiting for pending navigations...
[1739354043.272][INFO]: Done waiting for pending navigations. Status: ok
[1739354043.272][INFO]: [ca2552411c866a9f6734b21dc2bd0ca9] RESPONSE FindChildElement {
   "element-6066-11e4-a52e-4f735466cecf": "f.E6F7DCFF375715F3B309CAEA11BA9AD3.d.80B13DD13C7903EA0728EE161477D2EE.e.929"
}
[1739354043.273][INFO]: [ca2552411c866a9f6734b21dc2bd0ca9] COMMAND ExecuteScript {
   "args": [ {
      "element-6066-11e4-a52e-4f735466cecf": "f.E6F7DCFF375715F3B309CAEA11BA9AD3.d.80B13DD13C7903EA0728EE161477D2EE.e.929"
   }, "href" ],
   "script": "/* getAttribute */return (function(){return (function(){var d=this||self;function f(a,b){function c(){}c.prototype=b.prototype;a.prototype=new c;a.prototype.constructor=a};var h=Array.prototype.indexOf?function(a,b){return Array.prototype.indexOf.call(a,b,void 0)}:function(a,b){if(\"string\"===typeof a)return\"string\"!==typeof b||1!=b.length?-1:a.indexOf(b,0);for(var c=0;c\u003Ca.length;c++)if(c in a&&a[c]===b)return c;return-1},k=Array.prototype.forEach?function(a,b){Array.prototype.forEach.call(a,b,void 0)}:function(a,b){for(var c=a.length,e=\"string\"===typeof a?a.split(\"\"):a,g=0;g\u003Cc;g++)g in e&&b.call(void 0,e[g],g,a)};function l(a,b){this.code=a;this.a=m[a]||n;this.message=b||\"\";a=this.a.replace(/((?:^|\\s+)[a-z])/g,function(c){return c.toUpperCase().replace(/^[\\s\\xa0]+/g,\"\")});b=a.length-5;if(0>b||a.indexOf(\"Error\",b)!=b)a+=\"Error\";this.name=a;a=Error(this.message);a.name=this.name;this.stack=a.stack||\"\"}f(l,Error);var n=\"unknown error\",m={15:\"element not selectable\",11:\"element not visible\"};m[31]=n;m[30]=n;m[24]=\"invalid cookie domain\";m[29]=\"invalid element coordinates\";m[12]=\"invalid element state\";m[32]=\"invalid selector\";\nm[51]=\"invalid selector\";m[52]=\"invalid selector\";m[17]=\"javascript error\";m[405]=\"unsupported operation\";m[34]=\"move target out of bounds\";m[27]=\"no such alert\";m[7]=\"no such element\";m[8]=\"no such frame\";m[23]=\"no such window\";m[28]=\"script timeout\";m[33]=\"session not created\";m[10]=\"stale element reference\";m[21]=\"timeout\";m[25]=\"unable to set cookie\";m[26]=\"unexpected alert open\";m[13]=n;m[9]=\"unknown command\";var p;a:{var q=d.navigator;if(q){var r=q.userAgent;if(r){p=r;break a}}p=\"\"}function t(a){return-1!=p.indexOf(a)};function u(){return t(\"Firefox\")||t(\"FxiOS\")}function v(){return(t(\"Chrome\")||t(\"CriOS\"))&&!t(\"Edge\")};function w(){return t(\"iPhone\")&&!t(\"iPod\")&&!t(\"iPad\")};var y=t(\"Opera\"),z=t(\"Trident\")||t(\"MSIE\"),A=t(\"Edge\"),B=t(\"Gecko\")&&!(-1!=p.toLowerCase().indexOf(\"webkit\")&&!t(\"Edge\"))&&!(t(\"Trident\")||t(\"MSIE\"))&&!t(\"Edge\"),C=-1!=p.toLowerCase().indexOf(\"webkit\")&&!t(\"Edge\");function D(){var a=d.document;return a?a.documentMode:void 0}var E;\na:{var F=\"\",G=function(){var a=p;if(B)return/rv:([^\\);]+)(\\)|;)/.exec(a);if(A)return/Edge\\/([\\d\\.]+)/.exec(a);if(z)return/\\b(?:MSIE|rv)[: ]([^\\);]+)(\\)|;)/.exec(a);if(C)return/WebKit\\/(\\S+)/.exec(a);if(y)return/(?:Version)[ \\/]?(\\S+)/.exec(a)}();G&&(F=G?G[1]:\"\");if(z){var H=D();if(null!=H&&H>parseFloat(F)){E=String(H);break a}}E=F}var I;I=d.document&&z?D():void 0;var J=u(),K=w()||t(\"iPod\"),L=t(\"iPad\"),M=t(\"Android\")&&!(v()||u()||t(\"Opera\")||t(\"Silk\")),N=v(),aa=t(\"Safari\")&&!(v()||t(\"Coast\")||t(\"Opera\")||t(\"Edge\")||t(\"Edg/\")||t(\"OPR\")||u()||t(\"Silk\")||t(\"Android\"))&&!(w()||t(\"iPad\")||t(\"iPod\"));function O(a){return(a=a.exec(p))?a[1]:\"\"}(function(){if(J)return O(/Firefox\\/([0-9.]+)/);if(z||A||y)return E;if(N)return w()||t(\"iPad\")||t(\"iPod\")?O(/CriOS\\/([0-9.]+)/):O(/Chrome\\/([0-9.]+)/);if(aa&&!(w()||t(\"iPad\")||t(\"iPod\")))return O(/Version\\/([0-9.]+)/);if(K||L){var a=/Version\\/(\\S+).*Mobile\\/(\\S+)/.exec(p);if(a)return a[1]+\".\"+a[2]}else if(M)return(a=O(/Android\\s+([0-9.]+)/))?a:O(/Version\\/([0-9.]+)/);return\"\"})();var P=z&&!(8\u003C=Number(I)),ba=z&&!(9\u003C=Number(I));var ca={SCRIPT:1,STYLE:1,HEAD:1,IFRAME:1,OBJECT:1},Q={IMG:\" \",BR:\"\\n\"};function R(a,b,c){if(!(a.nodeName in ca))if(3==a.nodeType)c?b.push(String(a.nodeValue).replace(/(\\r\\n|\\r|\\n)/g,\"\")):b.push(a.nodeValue);else if(a.nodeName in Q)b.push(Q[a.nodeName]);else for(a=a.firstChild;a;)R(a,b,c),a=a.nextSibling};function S(a,b){b=b.toLowerCase();return\"style\"==b?da(a.style.cssText):P&&\"value\"==b&&T(a,\"INPUT\")?a.value:ba&&!0===a[b]?String(a.getAttribute(b)):(a=a.getAttributeNode(b))&&a.specified?a.value:null}var ea=/[;]+(?=(?:(?:[^\"]*\"){2})*[^\"]*$)(?=(?:(?:[^']*'){2})*[^']*$)(?=(?:[^()]*\\([^()]*\\))*[^()]*$)/;\nfunction da(a){var b=[];k(a.split(ea),function(c){var e=c.indexOf(\":\");0\u003Ce&&(c=[c.slice(0,e),c.slice(e+1)],2==c.length&&b.push(c[0].toLowerCase(),\":\",c[1],\";\"))});b=b.join(\"\");return b=\";\"==b.charAt(b.length-1)?b:b+\";\"}function U(a,b){P&&\"value\"==b&&T(a,\"OPTION\")&&null===S(a,\"value\")?(b=[],R(a,b,!1),a=b.join(\"\")):a=a[b];return a}function T(a,b){b&&\"string\"!==typeof b&&(b=b.toString());return!!a&&1==a.nodeType&&(!b||a.tagName.toUpperCase()==b)}\nfunction V(a){return T(a,\"OPTION\")?!0:T(a,\"INPUT\")?(a=a.type.toLowerCase(),\"checkbox\"==a||\"radio\"==a):!1};var fa={\"class\":\"className\",readonly:\"readOnly\"},ha=\"allowfullscreen allowpaymentrequest allowusermedia async autofocus autoplay checked compact complete controls declare default defaultchecked defaultselected defer disabled ended formnovalidate hidden indeterminate iscontenteditable ismap itemscope loop multiple muted nohref nomodule noresize noshade novalidate nowrap open paused playsinline pubdate readonly required reversed scoped seamless seeking selected truespeed typemustmatch willvalidate\".split(\" \");function W(a,b){var c=null,e=b.toLowerCase();if(\"style\"==e)return(c=a.style)&&\"string\"!=typeof c&&(c=c.cssText),c;if((\"selected\"==e||\"checked\"==e)&&V(a)){if(!V(a))throw new l(15,\"Element is not selectable\");b=\"selected\";c=a.type&&a.type.toLowerCase();if(\"checkbox\"==c||\"radio\"==c)b=\"checked\";return U(a,b)?\"true\":null}var g=T(a,\"A\");if(T(a,\"IMG\")&&\"src\"==e||g&&\"href\"==e)return(c=S(a,e))&&(c=U(a,e)),c;if(\"spellcheck\"==e){c=S(a,e);if(null!==c){if(\"false\"==c.toLowerCase())return\"false\";if(\"true\"==c.toLowerCase())return\"true\"}return U(a,\ne)+\"\"}g=fa[b]||b;if(0\u003C=h(ha,e))return(c=null!==S(a,b)||U(a,g))?\"true\":null;try{var x=U(a,g)}catch(ia){}(e=null==x)||(e=typeof x,e=\"object\"==e&&null!=x||\"function\"==e);e?c=S(a,b):c=x;return null!=c?c.toString():null}var X=[\"_\"],Y=d;X[0]in Y||\"undefined\"==typeof Y.execScript||Y.execScript(\"var \"+X[0]);for(var Z;X.length&&(Z=X.shift());)X.length||void 0===W?Y[Z]&&Y[Z]!==Object.prototype[Z]?Y=Y[Z]:Y=Y[Z]={}:Y[Z]=W;; return this._.apply(null,arguments);}).apply({navigator:typeof window!='undefined'?window.navigator:null,document:typeof window!='undefined'?window.document:null}, arguments);}\n).apply(null, arguments);"
}
[1739354043.273][INFO]: Waiting for pending navigations...
[1739354043.273][INFO]: Done waiting for pending navigations. Status: ok
[1739354043.275][INFO]: Waiting for pending navigations...
[1739354043.275][INFO]: Done waiting for pending navigations. Status: ok
[1739354043.275][INFO]: [ca2552411c866a9f6734b21dc2bd0ca9] RESPONSE ExecuteScript "https://www.flipkart.com/thiwa-double-wall-coffee-mug-stainless-steel-couple-cup-husband-plastic/p/itm707047f5c9d5f?pid=MUGGZP5ZRYNZ2GZR&lid=LSTMUGGZP5ZRYNZ2GZRNFU31S&marketplace=FLIPKART&q=Coffee+..."
[1739354043.275][INFO]: [ca2552411c866a9f6734b21dc2bd0ca9] COMMAND GetElementText {
   "id": "f.E6F7DCFF375715F3B309CAEA11BA9AD3.d.80B13DD13C7903EA0728EE161477D2EE.e.908"
}
[1739354043.275][INFO]: Waiting for pending navigations...
[1739354043.276][INFO]: Done waiting for pending navigations. Status: ok
[1739354043.278][INFO]: Waiting for pending navigations...
[1739354043.279][INFO]: Done waiting for pending navigations. Status: ok
[1739354043.279][INFO]: [ca2552411c866a9f6734b21dc2bd0ca9] RESPONSE GetElementText "(2,745)"
[1739354043.279][INFO]: [ca2552411c866a9f6734b21dc2bd0ca9] COMMAND GetElementText {
   "id": "f.E6F7DCFF375715F3B309CAEA11BA9AD3.d.80B13DD13C7903EA0728EE161477D2EE.e.908"
}
[1739354043.279][INFO]: Waiting for pending navigations...
[1739354043.279][INFO]: Done waiting for pending navigations. Status: ok
[1739354043.282][INFO]: Waiting for pending navigations...
[1739354043.282][INFO]: Done waiting for pending navigations. Status: ok
[1739354043.282][INFO]: [ca2552411c866a9f6734b21dc2bd0ca9] RESPONSE GetElementText "(2,745)"
[1739354043.283][INFO]: [ca2552411c866a9f6734b21dc2bd0ca9] COMMAND GetElementText {
   "id": "f.E6F7DCFF375715F3B309CAEA11BA9AD3.d.80B13DD13C7903EA0728EE161477D2EE.e.908"
}
[1739354043.283][INFO]: Waiting for pending navigations...
[1739354043.283][INFO]: Done waiting for pending navigations. Status: ok
[1739354043.285][INFO]: Waiting for pending navigations...
[1739354043.285][INFO]: Done waiting for pending navigations. Status: ok
[1739354043.285][INFO]: [ca2552411c866a9f6734b21dc2bd0ca9] RESPONSE GetElementText "(2,745)"
[1739354043.286][INFO]: [ca2552411c866a9f6734b21dc2bd0ca9] COMMAND GetElementText {
   "id": "f.E6F7DCFF375715F3B309CAEA11BA9AD3.d.80B13DD13C7903EA0728EE161477D2EE.e.909"
}
[1739354043.286][INFO]: Waiting for pending navigations...
[1739354043.286][INFO]: Done waiting for pending navigations. Status: ok
[1739354043.288][INFO]: Waiting for pending navigations...
[1739354043.289][INFO]: Done waiting for pending navigations. Status: ok
[1739354043.289][INFO]: [ca2552411c866a9f6734b21dc2bd0ca9] RESPONSE GetElementText "(158)"
[1739354043.289][INFO]: [ca2552411c866a9f6734b21dc2bd0ca9] COMMAND GetElementText {
   "id": "f.E6F7DCFF375715F3B309CAEA11BA9AD3.d.80B13DD13C7903EA0728EE161477D2EE.e.909"
}
[1739354043.289][INFO]: Waiting for pending navigations...
[1739354043.289][INFO]: Done waiting for pending navigations. Status: ok
[1739354043.292][INFO]: Waiting for pending navigations...
[1739354043.292][INFO]: Done waiting for pending navigations. Status: ok
[1739354043.292][INFO]: [ca2552411c866a9f6734b21dc2bd0ca9] RESPONSE GetElementText "(158)"
[1739354043.292][INFO]: [ca2552411c866a9f6734b21dc2bd0ca9] COMMAND GetElementText {
   "id": "f.E6F7DCFF375715F3B309CAEA11BA9AD3.d.80B13DD13C7903EA0728EE161477D2EE.e.909"
}
[1739354043.292][INFO]: Waiting for pending navigations...
[1739354043.293][INFO]: Done waiting for pending navigations. Status: ok
[1739354043.296][INFO]: Waiting for pending navigations...
[1739354043.296][INFO]: Done waiting for pending navigations. Status: ok
[1739354043.296][INFO]: [ca2552411c866a9f6734b21dc2bd0ca9] RESPONSE GetElementText "(158)"
[1739354043.297][INFO]: [ca2552411c866a9f6734b21dc2bd0ca9] COMMAND GetElementText {
   "id": "f.E6F7DCFF375715F3B309CAEA11BA9AD3.d.80B13DD13C7903EA0728EE161477D2EE.e.909"
}
[1739354043.297][INFO]: Waiting for pending navigations...
[1739354043.297][INFO]: Done waiting for pending navigations. Status: ok
[1739354043.299][INFO]: Waiting for pending navigations...
[1739354043.299][INFO]: Done waiting for pending navigations. Status: ok
[1739354043.299][INFO]: [ca2552411c866a9f6734b21dc2bd0ca9] RESPONSE GetElementText "(158)"
[1739354043.300][INFO]: [ca2552411c866a9f6734b21dc2bd0ca9] COMMAND GetElementText {
   "id": "f.E6F7DCFF375715F3B309CAEA11BA9AD3.d.80B13DD13C7903EA0728EE161477D2EE.e.909"
}
[1739354043.300][INFO]: Waiting for pending navigations...
[1739354043.300][INFO]: Done waiting for pending navigations. Status: ok
[1739354043.302][INFO]: Waiting for pending navigations...
[1739354043.303][INFO]: Done waiting for pending navigations. Status: ok
[1739354043.303][INFO]: [ca2552411c866a9f6734b21dc2bd0ca9] RESPONSE GetElementText "(158)"
[1739354043.303][INFO]: [ca2552411c866a9f6734b21dc2bd0ca9] COMMAND GetElementText {
   "id": "f.E6F7DCFF375715F3B309CAEA11BA9AD3.d.80B13DD13C7903EA0728EE161477D2EE.e.910"
}
[1739354043.303][INFO]: Waiting for pending navigations...
[1739354043.303][INFO]: Done waiting for pending navigations. Status: ok
[1739354043.306][INFO]: Waiting for pending navigations...
[1739354043.306][INFO]: Done waiting for pending navigations. Status: ok
[1739354043.306][INFO]: [ca2552411c866a9f6734b21dc2bd0ca9] RESPONSE GetElementText "(207)"
[1739354043.306][INFO]: [ca2552411c866a9f6734b21dc2bd0ca9] COMMAND GetElementText {
   "id": "f.E6F7DCFF375715F3B309CAEA11BA9AD3.d.80B13DD13C7903EA0728EE161477D2EE.e.910"
}
[1739354043.306][INFO]: Waiting for pending navigations...
[1739354043.306][INFO]: Done waiting for pending navigations. Status: ok
[1739354043.309][INFO]: Waiting for pending navigations...
[1739354043.309][INFO]: Done waiting for pending navigations. Status: ok
[1739354043.309][INFO]: [ca2552411c866a9f6734b21dc2bd0ca9] RESPONSE GetElementText "(207)"
[1739354043.309][INFO]: [ca2552411c866a9f6734b21dc2bd0ca9] COMMAND GetElementText {
   "id": "f.E6F7DCFF375715F3B309CAEA11BA9AD3.d.80B13DD13C7903EA0728EE161477D2EE.e.910"
}
[1739354043.309][INFO]: Waiting for pending navigations...
[1739354043.310][INFO]: Done waiting for pending navigations. Status: ok
[1739354043.313][INFO]: Waiting for pending navigations...
[1739354043.313][INFO]: Done waiting for pending navigations. Status: ok
[1739354043.313][INFO]: [ca2552411c866a9f6734b21dc2bd0ca9] RESPONSE GetElementText "(207)"
[1739354043.313][INFO]: [ca2552411c866a9f6734b21dc2bd0ca9] COMMAND GetElementText {
   "id": "f.E6F7DCFF375715F3B309CAEA11BA9AD3.d.80B13DD13C7903EA0728EE161477D2EE.e.910"
}
[1739354043.313][INFO]: Waiting for pending navigations...
[1739354043.313][INFO]: Done waiting for pending navigations. Status: ok
[1739354043.316][INFO]: Waiting for pending navigations...
[1739354043.316][INFO]: Done waiting for pending navigations. Status: ok
[1739354043.316][INFO]: [ca2552411c866a9f6734b21dc2bd0ca9] RESPONSE GetElementText "(207)"
[1739354043.316][INFO]: [ca2552411c866a9f6734b21dc2bd0ca9] COMMAND GetElementText {
   "id": "f.E6F7DCFF375715F3B309CAEA11BA9AD3.d.80B13DD13C7903EA0728EE161477D2EE.e.910"
}
[1739354043.316][INFO]: Waiting for pending navigations...
[1739354043.316][INFO]: Done waiting for pending navigations. Status: ok
[1739354043.319][INFO]: Waiting for pending navigations...
[1739354043.319][INFO]: Done waiting for pending navigations. Status: ok
[1739354043.319][INFO]: [ca2552411c866a9f6734b21dc2bd0ca9] RESPONSE GetElementText "(207)"
[1739354043.319][INFO]: [ca2552411c866a9f6734b21dc2bd0ca9] COMMAND GetElementText {
   "id": "f.E6F7DCFF375715F3B309CAEA11BA9AD3.d.80B13DD13C7903EA0728EE161477D2EE.e.911"
}
[1739354043.319][INFO]: Waiting for pending navigations...
[1739354043.320][INFO]: Done waiting for pending navigations. Status: ok
[1739354043.322][INFO]: Waiting for pending navigations...
[1739354043.322][INFO]: Done waiting for pending navigations. Status: ok
[1739354043.322][INFO]: [ca2552411c866a9f6734b21dc2bd0ca9] RESPONSE GetElementText "(8)"
[1739354043.322][INFO]: [ca2552411c866a9f6734b21dc2bd0ca9] COMMAND GetElementText {
   "id": "f.E6F7DCFF375715F3B309CAEA11BA9AD3.d.80B13DD13C7903EA0728EE161477D2EE.e.911"
}
[1739354043.322][INFO]: Waiting for pending navigations...
[1739354043.323][INFO]: Done waiting for pending navigations. Status: ok
[1739354043.325][INFO]: Waiting for pending navigations...
[1739354043.325][INFO]: Done waiting for pending navigations. Status: ok
[1739354043.325][INFO]: [ca2552411c866a9f6734b21dc2bd0ca9] RESPONSE GetElementText "(8)"
[1739354043.326][INFO]: [ca2552411c866a9f6734b21dc2bd0ca9] COMMAND GetElementText {
   "id": "f.E6F7DCFF375715F3B309CAEA11BA9AD3.d.80B13DD13C7903EA0728EE161477D2EE.e.911"
}
[1739354043.326][INFO]: Waiting for pending navigations...
[1739354043.326][INFO]: Done waiting for pending navigations. Status: ok
[1739354043.328][INFO]: Waiting for pending navigations...
[1739354043.329][INFO]: Done waiting for pending navigations. Status: ok
[1739354043.329][INFO]: [ca2552411c866a9f6734b21dc2bd0ca9] RESPONSE GetElementText "(8)"
[1739354043.329][INFO]: [ca2552411c866a9f6734b21dc2bd0ca9] COMMAND GetElementText {
   "id": "f.E6F7DCFF375715F3B309CAEA11BA9AD3.d.80B13DD13C7903EA0728EE161477D2EE.e.911"
}
[1739354043.329][INFO]: Waiting for pending navigations...
[1739354043.330][INFO]: Done waiting for pending navigations. Status: ok
[1739354043.332][INFO]: Waiting for pending navigations...
[1739354043.332][INFO]: Done waiting for pending navigations. Status: ok
[1739354043.332][INFO]: [ca2552411c866a9f6734b21dc2bd0ca9] RESPONSE GetElementText "(8)"
[1739354043.332][INFO]: [ca2552411c866a9f6734b21dc2bd0ca9] COMMAND GetElementText {
   "id": "f.E6F7DCFF375715F3B309CAEA11BA9AD3.d.80B13DD13C7903EA0728EE161477D2EE.e.911"
}
[1739354043.332][INFO]: Waiting for pending navigations...
[1739354043.333][INFO]: Done waiting for pending navigations. Status: ok
[1739354043.335][INFO]: Waiting for pending navigations...
[1739354043.335][INFO]: Done waiting for pending navigations. Status: ok
[1739354043.335][INFO]: [ca2552411c866a9f6734b21dc2bd0ca9] RESPONSE GetElementText "(8)"
[1739354043.335][INFO]: [ca2552411c866a9f6734b21dc2bd0ca9] COMMAND GetElementText {
   "id": "f.E6F7DCFF375715F3B309CAEA11BA9AD3.d.80B13DD13C7903EA0728EE161477D2EE.e.912"
}
[1739354043.336][INFO]: Waiting for pending navigations...
[1739354043.336][INFO]: Done waiting for pending navigations. Status: ok
[1739354043.338][INFO]: Waiting for pending navigations...
[1739354043.338][INFO]: Done waiting for pending navigations. Status: ok
[1739354043.338][INFO]: [ca2552411c866a9f6734b21dc2bd0ca9] RESPONSE GetElementText "(956)"
[1739354043.339][INFO]: [ca2552411c866a9f6734b21dc2bd0ca9] COMMAND GetElementText {
   "id": "f.E6F7DCFF375715F3B309CAEA11BA9AD3.d.80B13DD13C7903EA0728EE161477D2EE.e.912"
}
[1739354043.339][INFO]: Waiting for pending navigations...
[1739354043.339][INFO]: Done waiting for pending navigations. Status: ok
[1739354043.341][INFO]: Waiting for pending navigations...
[1739354043.341][INFO]: Done waiting for pending navigations. Status: ok
[1739354043.341][INFO]: [ca2552411c866a9f6734b21dc2bd0ca9] RESPONSE GetElementText "(956)"
[1739354043.342][INFO]: [ca2552411c866a9f6734b21dc2bd0ca9] COMMAND GetElementText {
   "id": "f.E6F7DCFF375715F3B309CAEA11BA9AD3.d.80B13DD13C7903EA0728EE161477D2EE.e.912"
}
[1739354043.342][INFO]: Waiting for pending navigations...
[1739354043.342][INFO]: Done waiting for pending navigations. Status: ok
[1739354043.344][INFO]: Waiting for pending navigations...
[1739354043.345][INFO]: Done waiting for pending navigations. Status: ok
[1739354043.345][INFO]: [ca2552411c866a9f6734b21dc2bd0ca9] RESPONSE GetElementText "(956)"
[1739354043.346][INFO]: [ca2552411c866a9f6734b21dc2bd0ca9] COMMAND GetElementText {
   "id": "f.E6F7DCFF375715F3B309CAEA11BA9AD3.d.80B13DD13C7903EA0728EE161477D2EE.e.912"
}
[1739354043.346][INFO]: Waiting for pending navigations...
[1739354043.346][INFO]: Done waiting for pending navigations. Status: ok
[1739354043.348][INFO]: Waiting for pending navigations...
[1739354043.348][INFO]: Done waiting for pending navigations. Status: ok
[1739354043.348][INFO]: [ca2552411c866a9f6734b21dc2bd0ca9] RESPONSE GetElementText "(956)"
[1739354043.349][INFO]: [ca2552411c866a9f6734b21dc2bd0ca9] COMMAND GetElementText {
   "id": "f.E6F7DCFF375715F3B309CAEA11BA9AD3.d.80B13DD13C7903EA0728EE161477D2EE.e.912"
}
[1739354043.349][INFO]: Waiting for pending navigations...
[1739354043.349][INFO]: Done waiting for pending navigations. Status: ok
[1739354043.351][INFO]: Waiting for pending navigations...
[1739354043.351][INFO]: Done waiting for pending navigations. Status: ok
[1739354043.351][INFO]: [ca2552411c866a9f6734b21dc2bd0ca9] RESPONSE GetElementText "(956)"
[1739354043.352][INFO]: [ca2552411c866a9f6734b21dc2bd0ca9] COMMAND GetElementText {
   "id": "f.E6F7DCFF375715F3B309CAEA11BA9AD3.d.80B13DD13C7903EA0728EE161477D2EE.e.913"
}
[1739354043.352][INFO]: Waiting for pending navigations...
[1739354043.352][INFO]: Done waiting for pending navigations. Status: ok
[1739354043.354][INFO]: Waiting for pending navigations...
[1739354043.355][INFO]: Done waiting for pending navigations. Status: ok
[1739354043.355][INFO]: [ca2552411c866a9f6734b21dc2bd0ca9] RESPONSE GetElementText "(465)"
[1739354043.355][INFO]: [ca2552411c866a9f6734b21dc2bd0ca9] COMMAND GetElementText {
   "id": "f.E6F7DCFF375715F3B309CAEA11BA9AD3.d.80B13DD13C7903EA0728EE161477D2EE.e.913"
}
[1739354043.355][INFO]: Waiting for pending navigations...
[1739354043.355][INFO]: Done waiting for pending navigations. Status: ok
[1739354043.357][INFO]: Waiting for pending navigations...
[1739354043.358][INFO]: Done waiting for pending navigations. Status: ok
[1739354043.358][INFO]: [ca2552411c866a9f6734b21dc2bd0ca9] RESPONSE GetElementText "(465)"
[1739354043.358][INFO]: [ca2552411c866a9f6734b21dc2bd0ca9] COMMAND GetElementText {
   "id": "f.E6F7DCFF375715F3B309CAEA11BA9AD3.d.80B13DD13C7903EA0728EE161477D2EE.e.913"
}
[1739354043.358][INFO]: Waiting for pending navigations...
[1739354043.358][INFO]: Done waiting for pending navigations. Status: ok
[1739354043.362][INFO]: Waiting for pending navigations...
[1739354043.362][INFO]: Done waiting for pending navigations. Status: ok
[1739354043.362][INFO]: [ca2552411c866a9f6734b21dc2bd0ca9] RESPONSE GetElementText "(465)"
[1739354043.362][INFO]: [ca2552411c866a9f6734b21dc2bd0ca9] COMMAND GetElementText {
   "id": "f.E6F7DCFF375715F3B309CAEA11BA9AD3.d.80B13DD13C7903EA0728EE161477D2EE.e.913"
}
[1739354043.362][INFO]: Waiting for pending navigations...
[1739354043.362][INFO]: Done waiting for pending navigations. Status: ok
[1739354043.365][INFO]: Waiting for pending navigations...
[1739354043.365][INFO]: Done waiting for pending navigations. Status: ok
[1739354043.365][INFO]: [ca2552411c866a9f6734b21dc2bd0ca9] RESPONSE GetElementText "(465)"
[1739354043.365][INFO]: [ca2552411c866a9f6734b21dc2bd0ca9] COMMAND GetElementText {
   "id": "f.E6F7DCFF375715F3B309CAEA11BA9AD3.d.80B13DD13C7903EA0728EE161477D2EE.e.913"
}
[1739354043.365][INFO]: Waiting for pending navigations...
[1739354043.366][INFO]: Done waiting for pending navigations. Status: ok
[1739354043.368][INFO]: Waiting for pending navigations...
[1739354043.368][INFO]: Done waiting for pending navigations. Status: ok
[1739354043.368][INFO]: [ca2552411c866a9f6734b21dc2bd0ca9] RESPONSE GetElementText "(465)"
[1739354043.368][INFO]: [ca2552411c866a9f6734b21dc2bd0ca9] COMMAND GetElementText {
   "id": "f.E6F7DCFF375715F3B309CAEA11BA9AD3.d.80B13DD13C7903EA0728EE161477D2EE.e.914"
}
[1739354043.368][INFO]: Waiting for pending navigations...
[1739354043.369][INFO]: Done waiting for pending navigations. Status: ok
[1739354043.371][INFO]: Waiting for pending navigations...
[1739354043.371][INFO]: Done waiting for pending navigations. Status: ok
[1739354043.371][INFO]: [ca2552411c866a9f6734b21dc2bd0ca9] RESPONSE GetElementText "(9)"
[1739354043.371][INFO]: [ca2552411c866a9f6734b21dc2bd0ca9] COMMAND GetElementText {
   "id": "f.E6F7DCFF375715F3B309CAEA11BA9AD3.d.80B13DD13C7903EA0728EE161477D2EE.e.914"
}
[1739354043.371][INFO]: Waiting for pending navigations...
[1739354043.372][INFO]: Done waiting for pending navigations. Status: ok
[1739354043.374][INFO]: Waiting for pending navigations...
[1739354043.374][INFO]: Done waiting for pending navigations. Status: ok
[1739354043.374][INFO]: [ca2552411c866a9f6734b21dc2bd0ca9] RESPONSE GetElementText "(9)"
[1739354043.375][INFO]: [ca2552411c866a9f6734b21dc2bd0ca9] COMMAND GetElementText {
   "id": "f.E6F7DCFF375715F3B309CAEA11BA9AD3.d.80B13DD13C7903EA0728EE161477D2EE.e.914"
}
[1739354043.375][INFO]: Waiting for pending navigations...
[1739354043.375][INFO]: Done waiting for pending navigations. Status: ok
[1739354043.377][INFO]: Waiting for pending navigations...
[1739354043.378][INFO]: Done waiting for pending navigations. Status: ok
[1739354043.378][INFO]: [ca2552411c866a9f6734b21dc2bd0ca9] RESPONSE GetElementText "(9)"
[1739354043.378][INFO]: [ca2552411c866a9f6734b21dc2bd0ca9] COMMAND GetElementText {
   "id": "f.E6F7DCFF375715F3B309CAEA11BA9AD3.d.80B13DD13C7903EA0728EE161477D2EE.e.914"
}
[1739354043.378][INFO]: Waiting for pending navigations...
[1739354043.379][INFO]: Done waiting for pending navigations. Status: ok
[1739354043.381][INFO]: Waiting for pending navigations...
[1739354043.381][INFO]: Done waiting for pending navigations. Status: ok
[1739354043.381][INFO]: [ca2552411c866a9f6734b21dc2bd0ca9] RESPONSE GetElementText "(9)"
[1739354043.382][INFO]: [ca2552411c866a9f6734b21dc2bd0ca9] COMMAND GetElementText {
   "id": "f.E6F7DCFF375715F3B309CAEA11BA9AD3.d.80B13DD13C7903EA0728EE161477D2EE.e.914"
}
[1739354043.382][INFO]: Waiting for pending navigations...
[1739354043.382][INFO]: Done waiting for pending navigations. Status: ok
[1739354043.384][INFO]: Waiting for pending navigations...
[1739354043.384][INFO]: Done waiting for pending navigations. Status: ok
[1739354043.384][INFO]: [ca2552411c866a9f6734b21dc2bd0ca9] RESPONSE GetElementText "(9)"
[1739354043.385][INFO]: [ca2552411c866a9f6734b21dc2bd0ca9] COMMAND GetElementText {
   "id": "f.E6F7DCFF375715F3B309CAEA11BA9AD3.d.80B13DD13C7903EA0728EE161477D2EE.e.915"
}
[1739354043.385][INFO]: Waiting for pending navigations...
[1739354043.385][INFO]: Done waiting for pending navigations. Status: ok
[1739354043.387][INFO]: Waiting for pending navigations...
[1739354043.387][INFO]: Done waiting for pending navigations. Status: ok
[1739354043.387][INFO]: [ca2552411c866a9f6734b21dc2bd0ca9] RESPONSE GetElementText "(209)"
[1739354043.388][INFO]: [ca2552411c866a9f6734b21dc2bd0ca9] COMMAND GetElementText {
   "id": "f.E6F7DCFF375715F3B309CAEA11BA9AD3.d.80B13DD13C7903EA0728EE161477D2EE.e.915"
}
[1739354043.388][INFO]: Waiting for pending navigations...
[1739354043.388][INFO]: Done waiting for pending navigations. Status: ok
[1739354043.390][INFO]: Waiting for pending navigations...
[1739354043.390][INFO]: Done waiting for pending navigations. Status: ok
[1739354043.390][INFO]: [ca2552411c866a9f6734b21dc2bd0ca9] RESPONSE GetElementText "(209)"
[1739354043.391][INFO]: [ca2552411c866a9f6734b21dc2bd0ca9] COMMAND GetElementText {
   "id": "f.E6F7DCFF375715F3B309CAEA11BA9AD3.d.80B13DD13C7903EA0728EE161477D2EE.e.915"
}
[1739354043.391][INFO]: Waiting for pending navigations...
[1739354043.391][INFO]: Done waiting for pending navigations. Status: ok
[1739354043.393][INFO]: Waiting for pending navigations...
[1739354043.394][INFO]: Done waiting for pending navigations. Status: ok
[1739354043.394][INFO]: [ca2552411c866a9f6734b21dc2bd0ca9] RESPONSE GetElementText "(209)"
[1739354043.394][INFO]: [ca2552411c866a9f6734b21dc2bd0ca9] COMMAND GetElementText {
   "id": "f.E6F7DCFF375715F3B309CAEA11BA9AD3.d.80B13DD13C7903EA0728EE161477D2EE.e.915"
}
[1739354043.394][INFO]: Waiting for pending navigations...
[1739354043.394][INFO]: Done waiting for pending navigations. Status: ok
[1739354043.397][INFO]: Waiting for pending navigations...
[1739354043.397][INFO]: Done waiting for pending navigations. Status: ok
[1739354043.397][INFO]: [ca2552411c866a9f6734b21dc2bd0ca9] RESPONSE GetElementText "(209)"
[1739354043.398][INFO]: [ca2552411c866a9f6734b21dc2bd0ca9] COMMAND GetElementText {
   "id": "f.E6F7DCFF375715F3B309CAEA11BA9AD3.d.80B13DD13C7903EA0728EE161477D2EE.e.915"
}
[1739354043.398][INFO]: Waiting for pending navigations...
[1739354043.398][INFO]: Done waiting for pending navigations. Status: ok
[1739354043.400][INFO]: Waiting for pending navigations...
[1739354043.401][INFO]: Done waiting for pending navigations. Status: ok
[1739354043.401][INFO]: [ca2552411c866a9f6734b21dc2bd0ca9] RESPONSE GetElementText "(209)"
[1739354043.401][INFO]: [ca2552411c866a9f6734b21dc2bd0ca9] COMMAND GetElementText {
   "id": "f.E6F7DCFF375715F3B309CAEA11BA9AD3.d.80B13DD13C7903EA0728EE161477D2EE.e.916"
}
[1739354043.401][INFO]: Waiting for pending navigations...
[1739354043.401][INFO]: Done waiting for pending navigations. Status: ok
[1739354043.404][INFO]: Waiting for pending navigations...
[1739354043.404][INFO]: Done waiting for pending navigations. Status: ok
[1739354043.404][INFO]: [ca2552411c866a9f6734b21dc2bd0ca9] RESPONSE GetElementText "(83)"
[1739354043.404][INFO]: [ca2552411c866a9f6734b21dc2bd0ca9] COMMAND GetElementText {
   "id": "f.E6F7DCFF375715F3B309CAEA11BA9AD3.d.80B13DD13C7903EA0728EE161477D2EE.e.916"
}
[1739354043.404][INFO]: Waiting for pending navigations...
[1739354043.404][INFO]: Done waiting for pending navigations. Status: ok
[1739354043.407][INFO]: Waiting for pending navigations...
[1739354043.407][INFO]: Done waiting for pending navigations. Status: ok
[1739354043.407][INFO]: [ca2552411c866a9f6734b21dc2bd0ca9] RESPONSE GetElementText "(83)"
[1739354043.407][INFO]: [ca2552411c866a9f6734b21dc2bd0ca9] COMMAND GetElementText {
   "id": "f.E6F7DCFF375715F3B309CAEA11BA9AD3.d.80B13DD13C7903EA0728EE161477D2EE.e.916"
}
[1739354043.407][INFO]: Waiting for pending navigations...
[1739354043.407][INFO]: Done waiting for pending navigations. Status: ok
[1739354043.410][INFO]: Waiting for pending navigations...
[1739354043.410][INFO]: Done waiting for pending navigations. Status: ok
[1739354043.410][INFO]: [ca2552411c866a9f6734b21dc2bd0ca9] RESPONSE GetElementText "(83)"
[1739354043.410][INFO]: [ca2552411c866a9f6734b21dc2bd0ca9] COMMAND GetElementText {
   "id": "f.E6F7DCFF375715F3B309CAEA11BA9AD3.d.80B13DD13C7903EA0728EE161477D2EE.e.916"
}
[1739354043.410][INFO]: Waiting for pending navigations...
[1739354043.410][INFO]: Done waiting for pending navigations. Status: ok
[1739354043.414][INFO]: Waiting for pending navigations...
[1739354043.414][INFO]: Done waiting for pending navigations. Status: ok
[1739354043.414][INFO]: [ca2552411c866a9f6734b21dc2bd0ca9] RESPONSE GetElementText "(83)"
[1739354043.414][INFO]: [ca2552411c866a9f6734b21dc2bd0ca9] COMMAND GetElementText {
   "id": "f.E6F7DCFF375715F3B309CAEA11BA9AD3.d.80B13DD13C7903EA0728EE161477D2EE.e.916"
}
[1739354043.414][INFO]: Waiting for pending navigations...
[1739354043.414][INFO]: Done waiting for pending navigations. Status: ok
[1739354043.417][INFO]: Waiting for pending navigations...
[1739354043.417][INFO]: Done waiting for pending navigations. Status: ok
[1739354043.417][INFO]: [ca2552411c866a9f6734b21dc2bd0ca9] RESPONSE GetElementText "(83)"
[1739354043.417][INFO]: [ca2552411c866a9f6734b21dc2bd0ca9] COMMAND GetElementText {
   "id": "f.E6F7DCFF375715F3B309CAEA11BA9AD3.d.80B13DD13C7903EA0728EE161477D2EE.e.917"
}
[1739354043.417][INFO]: Waiting for pending navigations...
[1739354043.418][INFO]: Done waiting for pending navigations. Status: ok
[1739354043.420][INFO]: Waiting for pending navigations...
[1739354043.420][INFO]: Done waiting for pending navigations. Status: ok
[1739354043.420][INFO]: [ca2552411c866a9f6734b21dc2bd0ca9] RESPONSE GetElementText "(266)"
[1739354043.421][INFO]: [ca2552411c866a9f6734b21dc2bd0ca9] COMMAND GetElementText {
   "id": "f.E6F7DCFF375715F3B309CAEA11BA9AD3.d.80B13DD13C7903EA0728EE161477D2EE.e.917"
}
[1739354043.421][INFO]: Waiting for pending navigations...
[1739354043.421][INFO]: Done waiting for pending navigations. Status: ok
[1739354043.423][INFO]: Waiting for pending navigations...
[1739354043.423][INFO]: Done waiting for pending navigations. Status: ok
[1739354043.423][INFO]: [ca2552411c866a9f6734b21dc2bd0ca9] RESPONSE GetElementText "(266)"
[1739354043.424][INFO]: [ca2552411c866a9f6734b21dc2bd0ca9] COMMAND GetElementText {
   "id": "f.E6F7DCFF375715F3B309CAEA11BA9AD3.d.80B13DD13C7903EA0728EE161477D2EE.e.917"
}
[1739354043.424][INFO]: Waiting for pending navigations...
[1739354043.424][INFO]: Done waiting for pending navigations. Status: ok
[1739354043.426][INFO]: Waiting for pending navigations...
[1739354043.426][INFO]: Done waiting for pending navigations. Status: ok
[1739354043.426][INFO]: [ca2552411c866a9f6734b21dc2bd0ca9] RESPONSE GetElementText "(266)"
[1739354043.427][INFO]: [ca2552411c866a9f6734b21dc2bd0ca9] COMMAND GetElementText {
   "id": "f.E6F7DCFF375715F3B309CAEA11BA9AD3.d.80B13DD13C7903EA0728EE161477D2EE.e.917"
}
[1739354043.427][INFO]: Waiting for pending navigations...
[1739354043.427][INFO]: Done waiting for pending navigations. Status: ok
[1739354043.430][INFO]: Waiting for pending navigations...
[1739354043.431][INFO]: Done waiting for pending navigations. Status: ok
[1739354043.431][INFO]: [ca2552411c866a9f6734b21dc2bd0ca9] RESPONSE GetElementText "(266)"
[1739354043.431][INFO]: [ca2552411c866a9f6734b21dc2bd0ca9] COMMAND GetElementText {
   "id": "f.E6F7DCFF375715F3B309CAEA11BA9AD3.d.80B13DD13C7903EA0728EE161477D2EE.e.917"
}
[1739354043.431][INFO]: Waiting for pending navigations...
[1739354043.431][INFO]: Done waiting for pending navigations. Status: ok
[1739354043.434][INFO]: Waiting for pending navigations...
[1739354043.434][INFO]: Done waiting for pending navigations. Status: ok
[1739354043.434][INFO]: [ca2552411c866a9f6734b21dc2bd0ca9] RESPONSE GetElementText "(266)"
[1739354043.434][INFO]: [ca2552411c866a9f6734b21dc2bd0ca9] COMMAND GetElementText {
   "id": "f.E6F7DCFF375715F3B309CAEA11BA9AD3.d.80B13DD13C7903EA0728EE161477D2EE.e.918"
}
[1739354043.434][INFO]: Waiting for pending navigations...
[1739354043.434][INFO]: Done waiting for pending navigations. Status: ok
[1739354043.437][INFO]: Waiting for pending navigations...
[1739354043.437][INFO]: Done waiting for pending navigations. Status: ok
[1739354043.437][INFO]: [ca2552411c866a9f6734b21dc2bd0ca9] RESPONSE GetElementText "(152)"
[1739354043.437][INFO]: [ca2552411c866a9f6734b21dc2bd0ca9] COMMAND GetElementText {
   "id": "f.E6F7DCFF375715F3B309CAEA11BA9AD3.d.80B13DD13C7903EA0728EE161477D2EE.e.918"
}
[1739354043.437][INFO]: Waiting for pending navigations...
[1739354043.437][INFO]: Done waiting for pending navigations. Status: ok
[1739354043.440][INFO]: Waiting for pending navigations...
[1739354043.440][INFO]: Done waiting for pending navigations. Status: ok
[1739354043.440][INFO]: [ca2552411c866a9f6734b21dc2bd0ca9] RESPONSE GetElementText "(152)"
[1739354043.440][INFO]: [ca2552411c866a9f6734b21dc2bd0ca9] COMMAND GetElementText {
   "id": "f.E6F7DCFF375715F3B309CAEA11BA9AD3.d.80B13DD13C7903EA0728EE161477D2EE.e.918"
}
[1739354043.440][INFO]: Waiting for pending navigations...
[1739354043.440][INFO]: Done waiting for pending navigations. Status: ok
[1739354043.443][INFO]: Waiting for pending navigations...
[1739354043.443][INFO]: Done waiting for pending navigations. Status: ok
[1739354043.443][INFO]: [ca2552411c866a9f6734b21dc2bd0ca9] RESPONSE GetElementText "(152)"
[1739354043.443][INFO]: [ca2552411c866a9f6734b21dc2bd0ca9] COMMAND GetElementText {
   "id": "f.E6F7DCFF375715F3B309CAEA11BA9AD3.d.80B13DD13C7903EA0728EE161477D2EE.e.918"
}
[1739354043.443][INFO]: Waiting for pending navigations...
[1739354043.443][INFO]: Done waiting for pending navigations. Status: ok
[1739354043.446][INFO]: Waiting for pending navigations...
[1739354043.446][INFO]: Done waiting for pending navigations. Status: ok
[1739354043.446][INFO]: [ca2552411c866a9f6734b21dc2bd0ca9] RESPONSE GetElementText "(152)"
[1739354043.447][INFO]: [ca2552411c866a9f6734b21dc2bd0ca9] COMMAND GetElementText {
   "id": "f.E6F7DCFF375715F3B309CAEA11BA9AD3.d.80B13DD13C7903EA0728EE161477D2EE.e.918"
}
[1739354043.447][INFO]: Waiting for pending navigations...
[1739354043.447][INFO]: Done waiting for pending navigations. Status: ok
[1739354043.449][INFO]: Waiting for pending navigations...
[1739354043.450][INFO]: Done waiting for pending navigations. Status: ok
[1739354043.450][INFO]: [ca2552411c866a9f6734b21dc2bd0ca9] RESPONSE GetElementText "(152)"
[1739354043.450][INFO]: [ca2552411c866a9f6734b21dc2bd0ca9] COMMAND GetElementText {
   "id": "f.E6F7DCFF375715F3B309CAEA11BA9AD3.d.80B13DD13C7903EA0728EE161477D2EE.e.919"
}
[1739354043.450][INFO]: Waiting for pending navigations...
[1739354043.450][INFO]: Done waiting for pending navigations. Status: ok
[1739354043.453][INFO]: Waiting for pending navigations...
[1739354043.453][INFO]: Done waiting for pending navigations. Status: ok
[1739354043.453][INFO]: [ca2552411c866a9f6734b21dc2bd0ca9] RESPONSE GetElementText "(169)"
[1739354043.453][INFO]: [ca2552411c866a9f6734b21dc2bd0ca9] COMMAND GetElementText {
   "id": "f.E6F7DCFF375715F3B309CAEA11BA9AD3.d.80B13DD13C7903EA0728EE161477D2EE.e.919"
}
[1739354043.453][INFO]: Waiting for pending navigations...
[1739354043.454][INFO]: Done waiting for pending navigations. Status: ok
[1739354043.456][INFO]: Waiting for pending navigations...
[1739354043.456][INFO]: Done waiting for pending navigations. Status: ok
[1739354043.456][INFO]: [ca2552411c866a9f6734b21dc2bd0ca9] RESPONSE GetElementText "(169)"
[1739354043.457][INFO]: [ca2552411c866a9f6734b21dc2bd0ca9] COMMAND GetElementText {
   "id": "f.E6F7DCFF375715F3B309CAEA11BA9AD3.d.80B13DD13C7903EA0728EE161477D2EE.e.919"
}
[1739354043.457][INFO]: Waiting for pending navigations...
[1739354043.457][INFO]: Done waiting for pending navigations. Status: ok
[1739354043.459][INFO]: Waiting for pending navigations...
[1739354043.459][INFO]: Done waiting for pending navigations. Status: ok
[1739354043.459][INFO]: [ca2552411c866a9f6734b21dc2bd0ca9] RESPONSE GetElementText "(169)"
[1739354043.460][INFO]: [ca2552411c866a9f6734b21dc2bd0ca9] COMMAND GetElementText {
   "id": "f.E6F7DCFF375715F3B309CAEA11BA9AD3.d.80B13DD13C7903EA0728EE161477D2EE.e.919"
}
[1739354043.460][INFO]: Waiting for pending navigations...
[1739354043.460][INFO]: Done waiting for pending navigations. Status: ok
[1739354043.462][INFO]: Waiting for pending navigations...
[1739354043.463][INFO]: Done waiting for pending navigations. Status: ok
[1739354043.463][INFO]: [ca2552411c866a9f6734b21dc2bd0ca9] RESPONSE GetElementText "(169)"
[1739354043.463][INFO]: [ca2552411c866a9f6734b21dc2bd0ca9] COMMAND GetElementText {
   "id": "f.E6F7DCFF375715F3B309CAEA11BA9AD3.d.80B13DD13C7903EA0728EE161477D2EE.e.919"
}
[1739354043.463][INFO]: Waiting for pending navigations...
[1739354043.463][INFO]: Done waiting for pending navigations. Status: ok
[1739354043.466][INFO]: Waiting for pending navigations...
[1739354043.466][INFO]: Done waiting for pending navigations. Status: ok
[1739354043.466][INFO]: [ca2552411c866a9f6734b21dc2bd0ca9] RESPONSE GetElementText "(169)"
[1739354043.468][INFO]: [ca2552411c866a9f6734b21dc2bd0ca9] COMMAND CloseWindow {
}
[1739354043.587][INFO]: [ca2552411c866a9f6734b21dc2bd0ca9] RESPONSE CloseWindow [  ]
